"sim","censoring","n","perc_censored","alpha_fc","beta_fc","gamma_fc","alpha_extrap","beta_extrap","gamma_extrap","alpha_extrap_pooled","beta_extrap_pooled","gamma_extrap_pooled","nse_alpha_extrap","nse_beta_extrap","nse_gamma_extrap","bse_alpha_extrap","bse_beta_extrap","bse_gamma_extrap","ese_alpha_extrap","ese_beta_extrap","ese_gamma_extrap","alpha_extrap_no","beta_extrap_no","gamma_extrap_no","alpha_extrap_no_pooled","beta_extrap_no_pooled","gamma_extrap_no_pooled","nse_alpha_extrap_no","nse_beta_extrap_no","nse_gamma_extrap_no","bse_alpha_extrap_no","bse_beta_extrap_no","bse_gamma_extrap_no","ese_alpha_extrap_no","ese_beta_extrap_no","ese_gamma_extrap_no","time_extrap","time_extrap_no"
"11428-1","extra_heavy",2000,0.807,1.04228870287455,0.50352254871738,0.189460470173612,0.999271514542273,0.731631699005598,0.170178418375904,1.00230991887979,0.730563723563115,0.167174402576575,0.0464287085671482,0.126712082878654,0.0535977889973303,0.063511409884772,0.176299672011514,0.0739461491242824,0.0433518976530057,0.122741525438997,0.0509749616145326,0.922646180816772,1.41444764859985,0.250530913393862,0.923976697122733,1.41967085401535,0.249662566013538,0.0559450111608852,0.240379199185989,0.0477633540258803,0.0784948385126686,0.339573364965807,0.0661388691391716,0.0550585357592476,0.239759189003476,0.0457288470461907,20.938,1.26699999999994
"11428-2","extra_heavy",2000,0.7985,0.986542956354745,0.542590590231647,0.282981065496371,1.00005035009315,0.643127349837492,0.295417692045185,1.00093833265246,0.643664198850656,0.295011074372782,0.0478072159556577,0.14848589464812,0.0549615511090855,0.0673032264658923,0.208267555990665,0.0746659636050338,0.0473002348995477,0.145781584044428,0.0504813016690296,0.933578263143196,1.16147193130603,0.34369417123634,0.934382198338991,1.16712347650058,0.344237094235117,0.0553429352537765,0.238764728240247,0.0493285795059892,0.0744108999461303,0.321478434978665,0.0681532192571036,0.0496158353123726,0.214699182392178,0.0469707598153826,20.658,1.14299999999992
"11428-3","extra_heavy",2000,0.809,0.970360113091022,0.554401987623064,0.267815811489699,0.986531745064275,0.753454327180027,0.298104237112766,0.986675545699152,0.749916033684254,0.297965813192907,0.0497372363110428,0.179933053672961,0.0560456462829156,0.072004212196389,0.247630883420465,0.0781052986964735,0.0520014723956005,0.169913761888571,0.054424257554626,0.962279839723662,1.05514822349141,0.370023447304001,0.964719502202092,1.03939456670321,0.369634032128242,0.0590640575124199,0.287832808759723,0.0497409430627282,0.0812617897897941,0.403231788258766,0.0717412631850987,0.0558321391880516,0.28229541932117,0.05170287325946,22.466,1.26700000000005
"11428-4","extra_heavy",2000,0.83,0.96190589998978,0.51426664505569,0.295752404705512,0.967114406117106,0.573229620384174,0.251680422061031,0.965137739140116,0.583783120886478,0.247374751332093,0.0460425802649488,0.123006791905714,0.0616836351568967,0.065299789360302,0.169805210634848,0.0868832783970655,0.0462237804359929,0.116706233895279,0.0610395413047944,0.893565985676614,1.31200825286678,0.369241765594532,0.8923744358949,1.3084139663168,0.37337061061522,0.0595550023811502,0.290586524965637,0.0488181871770653,0.0826929894213621,0.402016083921895,0.0693907441778142,0.057147740191469,0.276950369511247,0.0493193588477168,19.175,1.27800000000002
"11428-5","extra_heavy",2000,0.8155,0.982293349437318,0.485158475896584,0.262795720731077,0.989871575224398,0.375750158563305,0.293107106272129,0.98903542985371,0.37235494581249,0.295032658032827,0.0485019018732881,0.0994978459571693,0.0542543168526375,0.0687738664560313,0.139534689779797,0.0761530761669866,0.0488220464757404,0.0979502833887727,0.0535046411420231,0.922686351118319,1.14282968576466,0.35746964679008,0.921066542347375,1.14795594670121,0.359388412206046,0.060208344634798,0.2854866690965,0.0476895150238392,0.0841013827651033,0.391676934952303,0.0678257361259253,0.0585926136265839,0.267707786845029,0.0482515784640086,15.171,1.149
"11428-6","extra_heavy",2000,0.82,0.952243422530314,0.551788283497859,0.289440243445962,1.03085264710434,0.422743781566757,0.371201186694751,1.02823880770794,0.427538435442681,0.371086937481539,0.046197388896233,0.148914844667012,0.0544829146659883,0.0637701648491674,0.203457538342354,0.0736956762308551,0.0439337095078771,0.138517727024691,0.0496133748879905,0.95586998100713,0.807208741672306,0.391505399941358,0.953919620731288,0.808731737329832,0.392052473269962,0.0575886355289583,0.228538009270085,0.0496858848534063,0.0763991746716873,0.303589996218906,0.0690970307250043,0.0500044938945893,0.198974630488933,0.0479273775688224,28.7140000000001,1.14700000000005
"11428-7","extra_heavy",2000,0.824,1.01990231916915,0.495335063216312,0.236062322016663,1.01505283853725,0.82876155478062,0.21303131653007,1.01245181843104,0.829487499958709,0.216228152605235,0.0491266039698209,0.187735780505161,0.0636643615365636,0.0678537813705556,0.26681503608637,0.0906058140245586,0.0467727707812684,0.18934642151849,0.0643699110073326,0.92742073476522,1.58798122658887,0.307118723458791,0.929831535364441,1.58894367625005,0.303442420025034,0.0615223573553156,0.334049802531936,0.0514591357836247,0.0852949387361361,0.467832253508374,0.0709568125295168,0.0590427313959723,0.327543657487272,0.0488771971080167,23.2149999999999,1.279
"11428-8","extra_heavy",2000,0.8065,1.03114683642675,0.441662371333564,0.24293108249319,1.08432496383774,0.306449887940927,0.294787161961365,1.08561729948853,0.306471703084793,0.291764934960349,0.0473110365183795,0.131542324341946,0.052946997541597,0.0675248360089631,0.189785896172465,0.0774564579880338,0.0481585510928985,0.136723535095466,0.0565127320996043,1.05055988941382,0.665128745120085,0.328250102446883,1.05020046649426,0.664262306786212,0.329736533618968,0.0575657824502817,0.277939891335596,0.047334959944773,0.0820765238870998,0.388990742939376,0.0658568308451353,0.0584619044534212,0.27192934574092,0.0458067068867963,19.639,1.15899999999999
"11428-9","extra_heavy",2000,0.7935,0.980870546160754,0.504494653074211,0.26189597501852,0.960224311034747,0.884115174375196,0.272162040617745,0.961601923147262,0.882228647594132,0.269245704894099,0.045562589473037,0.168953535661824,0.0539478722344343,0.063771369742005,0.233670930398519,0.0754195214406329,0.0446490363844151,0.161329692488729,0.0526745590624588,0.866633919418997,1.42703640949235,0.333839975370982,0.865511916606845,1.43421804907206,0.336635624073441,0.05545705528325,0.246699565160088,0.0486770829727896,0.0767218635478161,0.339694131914639,0.0688135190968164,0.053047989036214,0.233563596551335,0.0486516947023532,24.9549999999999,1.12900000000002
"11428-10","extra_heavy",2000,0.8335,1.05566430305646,0.415697469122423,0.266647953163309,1.11013369159588,0.106780673400736,0.281753875541054,1.11254002116981,0.106440403311779,0.279070283938662,0.0447862255928503,0.0446764922285513,0.0608818206263763,0.0625757585207062,0.0638200677031578,0.0878201172758496,0.0437242896828135,0.0455482064272553,0.0633069851846503,1.05627175282617,0.539214429960583,0.345343722213869,1.05869024338545,0.536447553512164,0.342865769286902,0.0589664044179851,0.206697839084192,0.047580043688708,0.082051596763285,0.288652508317274,0.0676484414802399,0.057145808222028,0.201755654467023,0.048134647093932,8.072,1.26699999999994
"11428-11","extra_heavy",2000,0.811,1.06012546797405,0.53931487898997,0.197338167103846,1.07200937463749,0.513808954648638,0.20031391800672,1.07568605672381,0.504623142076419,0.201011544742455,0.0470482311606338,0.111817299216157,0.0603386108882102,0.065588905594175,0.15915067359156,0.0865367426149033,0.0457366066308546,0.113287736776037,0.0621043088197228,1.01678816968279,1.09305104671717,0.297599989261322,1.0243806371633,1.07295651818226,0.295825986178463,0.0576450119121703,0.248707370063965,0.0505336209438311,0.0811634947628368,0.348386135629903,0.0719285838774151,0.0571542697736876,0.243729371895947,0.0511980644993968,16.347,1.14599999999996
"11428-12","extra_heavy",2000,0.8265,1.01395360106037,0.478345567001755,0.286844446984723,1.04973872776506,0.302253635545866,0.317623364000344,1.05031009722937,0.296723682938332,0.320844096400511,0.0480892566774883,0.0982240361916478,0.0587311289166317,0.0646117756606318,0.133923751457735,0.0813072644512593,0.0431200839489378,0.0910220473597456,0.0562676144055126,0.991278840667447,0.825876132656838,0.380393176963955,0.988521160948249,0.832857052657482,0.378975160930145,0.0604408438584469,0.252124362014311,0.0490596227362434,0.085278543350184,0.353046794255039,0.0688152024898609,0.060024433539988,0.246821992773947,0.048267871388107,17.1160000000001,1.14999999999998
"11428-13","extra_heavy",2000,0.817,0.989769878223042,0.474630251994543,0.262852616755066,0.959794334909889,0.331751233914173,0.302039027786451,0.960256012059851,0.331963450750854,0.302870572636802,0.0498326431630367,0.070643457271558,0.0532368147754205,0.0700555871247159,0.101795570396859,0.0742780527238732,0.0492271440135746,0.0732273473339426,0.0517518444477269,0.9062470537143,0.845903966974231,0.372080460003978,0.905416123511431,0.850025499892754,0.370317460840485,0.0583171463583899,0.17801509480033,0.0480954038715059,0.0809452611253976,0.247931510321169,0.0675154339614235,0.056009959652205,0.172173836152399,0.0473512732336681,12.39,1.27499999999998
"11428-14","extra_heavy",2000,0.8175,0.978657749519764,0.540739685431182,0.225829004102262,0.987763368344462,0.956615563896958,0.279779465113473,0.988292261502459,0.962484176175868,0.276391492642675,0.0506104517377238,0.227693141162891,0.0518360395667186,0.0716681154149012,0.327303095806269,0.0741360217271124,0.0507270867784975,0.235046576438783,0.0530157375119198,0.939200734274785,1.22567396758101,0.328089633014563,0.942883986933576,1.21661593184408,0.325449294141247,0.0610231765601435,0.299591129341899,0.0481125844773118,0.0859054929622089,0.425334181642795,0.0674700572366009,0.0604346012996165,0.301643839617523,0.0472751188798525,24.7569999999999,1.14199999999994
"11428-15","extra_heavy",2000,0.8185,1.04163199442945,0.420156381399955,0.243299726245338,1.03625080105015,0.48531067502447,0.261598130648278,1.0373306502628,0.480914781723457,0.263544022382788,0.049728052778079,0.131414351110616,0.0548448093053067,0.0687495617045186,0.179210711198906,0.0782051507997609,0.0474705595226324,0.121874490705182,0.0557559146981881,0.996788882784907,0.958700773224826,0.324830097687298,0.995335580901701,0.96542961223824,0.325529118116414,0.0596311675150734,0.269676597372808,0.0482753093113333,0.0825856736779711,0.371680649301333,0.0666955360900432,0.0569754993046604,0.255164145861235,0.0459828811639774,20.0940000000001,1.149
"11428-16","extra_heavy",2000,0.81,1.0302769012338,0.510269376130371,0.214752721259038,1.00158713796394,0.416804304902534,0.186363830493871,1.00230287718798,0.415221825012015,0.186121419222275,0.0460043761466458,0.0770909262456219,0.0570653588380907,0.0676678941076244,0.109710847677444,0.0815527736294704,0.0496478594599264,0.0780816809454851,0.0582901312420547,0.928638124291861,1.36053335091851,0.306535653725226,0.923805702646803,1.3766601284643,0.310389531935696,0.0584110154249502,0.265318131999252,0.048049901252646,0.0840306868940513,0.378441540775634,0.0675183351308178,0.0603860701056394,0.269612262445181,0.0473777224175926,13.074,1.30700000000002
"11428-17","extra_heavy",2000,0.814,0.994012409767674,0.527786916714389,0.260144861477251,0.952085356028369,0.479567898064013,0.247120559185161,0.953020891514182,0.474740700479123,0.24707934076437,0.0476078167200915,0.0830080100143767,0.0540332827876511,0.0662142126043711,0.115344978069817,0.0760584290215046,0.0459550368086255,0.080017603304922,0.0534982487906444,0.868996767834463,1.53370331245772,0.352939883027178,0.867496469450152,1.54753302108536,0.352097616067582,0.0593855993250457,0.268721291311296,0.0472580091573466,0.0861155501081818,0.391745662871071,0.0653829628520997,0.0623482034995423,0.28512938825296,0.045188798974946,13.591,1.14699999999993
"11428-18","extra_heavy",2000,0.8,0.908996810678488,0.567589467751863,0.283436230594261,0.905402226357138,0.532413463998593,0.26025439900386,0.904648803268628,0.536794311292728,0.259615301534397,0.0440589208454988,0.0946718067485062,0.058141189302958,0.0619378626373455,0.13308839245115,0.0808198907441336,0.0435924065578114,0.0936122165823027,0.0562345937366012,0.809627986769433,1.71234812492124,0.390710200850009,0.810323122486045,1.70005936159009,0.390749921681076,0.0574314884536338,0.306962120921475,0.0478110964306923,0.08060143850521,0.437813055304331,0.0675583323545136,0.0565304023936355,0.312304481296476,0.0478028018714622,14.8190000000001,1.13599999999997
"11428-19","extra_heavy",2000,0.821,0.973847270174428,0.499948288601707,0.280932902989601,1.01663676118028,0.81392580171573,0.393477428692154,1.01925366894378,0.80467434328327,0.393685829595198,0.0457120153662195,0.24179407015059,0.0494821110829706,0.0637489066199897,0.336323332491156,0.0690146655755992,0.0444544272483038,0.233884229813006,0.0481173469455616,0.866256601595949,1.67153190159633,0.389587398406175,0.86663877768288,1.66857167529435,0.385708736604734,0.0629447990987897,0.348936340980823,0.0482703877835609,0.0854794249236772,0.475465999378206,0.0684324766062325,0.0578661433580385,0.322951540326815,0.0485035414557473,32.27,1.16200000000003
"11428-20","extra_heavy",2000,0.821,0.97975552264717,0.521675900283335,0.200116291662427,1.01789316205136,0.35519994746068,0.243306649764313,1.0181081806106,0.356554120388484,0.242403575141381,0.0483249193000587,0.104995163982349,0.0584921487634459,0.0659525659468711,0.145813743160134,0.081918456026969,0.0448268694754147,0.100928249190165,0.0572274309061485,0.97356860412431,0.953599545782643,0.321172998893616,0.974247161709706,0.947398158017334,0.317895770550128,0.061433273188757,0.301298752019552,0.0489941615346586,0.0842013793977385,0.420456724613248,0.0685033403293473,0.0575597155308993,0.292970428063499,0.0478575491504725,15.893,1.15300000000002
"11428-21","extra_heavy",2000,0.8135,0.987777885127883,0.536823350654615,0.28477917928423,0.989665016335531,0.576245624337108,0.27958365062093,0.984778360022541,0.58653143581726,0.278471194089193,0.0480394539933947,0.119102482219612,0.0561645984956583,0.0690136570373134,0.170375982059552,0.0795874248913478,0.0496000601492978,0.12201164284299,0.0564762085357933,0.915259226155886,1.36162989683495,0.364627110007814,0.913970698378046,1.37029115073731,0.361598733935055,0.0591513970473946,0.275046581105605,0.0487764381851167,0.085240319345247,0.395770118631198,0.0686315958195899,0.0612414055337538,0.283865066721805,0.0482490268690005,18.629,1.14300000000003
"11428-22","extra_heavy",2000,0.803,1.02006089728453,0.491992490032942,0.194886381668212,1.05062700140438,0.473597083611755,0.215025265515393,1.04859266494255,0.482510942235147,0.21340235250495,0.0471358476354447,0.129357398385732,0.0558298441114338,0.0650678180331882,0.181277806446165,0.0801473648883536,0.0448687916456102,0.126985878084677,0.0575331827941462,1.00175874171768,0.982330540365673,0.276091921334974,1.00046820993088,0.996366342874574,0.272031147501423,0.0574123508590979,0.268498054358733,0.0489287562694649,0.0780467542426553,0.367229011179844,0.0699587277169484,0.0529459716393188,0.250737549402619,0.0500920347659631,19.7520000000001,1.13100000000009
"11428-23","extra_heavy",2000,0.8,0.948557601710278,0.55450937456145,0.258645123372532,0.959788761512311,0.684769847086611,0.208790303431591,0.96100486684155,0.679115279209784,0.207741533902725,0.0430523981586087,0.13058757761504,0.0624755341387011,0.0609398122221707,0.187392260856173,0.0867171024592908,0.0432075516975099,0.134498583848207,0.0601792485924512,0.86778418182089,1.54093033121845,0.33298713153343,0.870163084001445,1.51802598042742,0.337004566362043,0.0553914564633218,0.287961314050299,0.0495320501695329,0.077815437982179,0.396299126132538,0.0684224668785659,0.0546381650888084,0.271965255044339,0.0471466859462056,19.6179999999999,1.13499999999999
"11428-24","extra_heavy",2000,0.819,1.02782747982968,0.502533145277957,0.233675821577904,1.02658078530053,0.614566829294881,0.198006728957231,1.026636395921,0.617235365100498,0.1970305711924,0.0454240565613126,0.129659384208913,0.059066882519146,0.0629438941768405,0.17880733126911,0.0822031006757857,0.0435675832540074,0.123106983170908,0.0571560998572178,0.967061228370233,1.17700961725572,0.303186157559749,0.967845923635517,1.16371875389668,0.306170939740428,0.0577149299151109,0.266299129366245,0.0486832258357752,0.0792706965566255,0.370730384092508,0.0693229746903457,0.0542805273045115,0.257675591283591,0.049346131786221,22.521,1.26999999999998
"11428-25","extra_heavy",2000,0.8035,0.920696086643127,0.520525241924276,0.336181679384207,0.934486853740107,0.422968058563431,0.321760624862321,0.935578414980897,0.423248695968694,0.321361096265483,0.0449960772266447,0.0905775112308013,0.0597420139172299,0.0615727212709208,0.12532549608633,0.0830659182416614,0.0420372467036698,0.0865676437489963,0.0577039944248537,0.858807713108674,1.26030328222428,0.429881981239615,0.860234944924603,1.26242781250826,0.429890472532971,0.0573570567991158,0.2712426375029,0.0489737295221261,0.079027828585468,0.37932973408159,0.0694789909603054,0.0543086007686642,0.264722884560442,0.0492198529634406,13.8110000000001,1.13400000000001
"11428-26","extra_heavy",2000,0.814,1.01791040075886,0.483929747787325,0.205014234866384,1.03560045504161,0.3936546349248,0.206079380271231,1.03662345542815,0.392552083964597,0.204710012470862,0.0459088704328783,0.101183156047642,0.0632343898299046,0.0612636398726087,0.133937816028022,0.0870398020109834,0.0406308138446311,0.0877732008796713,0.0598530878752461,0.969346971586844,1.00463325527673,0.300256585632616,0.972554831443475,0.998404175208457,0.297515210866307,0.059175003400417,0.262548777448858,0.0511478933147286,0.0793219991660789,0.355546502312766,0.0724258867066549,0.0528875809173468,0.239795330441266,0.0512607874463054,18.857,1.1400000000001
"11428-27","extra_heavy",2000,0.806,0.984360988000521,0.476808377657709,0.297674474710184,1.0483124728255,0.363622952646715,0.3722416013167,1.04673522552161,0.364244050474114,0.371088442282859,0.0490552319931739,0.156535915044628,0.05735661173365,0.0692975267457777,0.218973663941922,0.0797231310945462,0.048962696439793,0.152925565244824,0.0553226376264691,1.02739224518277,0.665120242406545,0.419001545249167,1.03190459307457,0.639818587061543,0.417780889586278,0.0614631607416952,0.331489519739291,0.0500085323875328,0.0859963392843526,0.468011070323914,0.072463821415409,0.0600761845727414,0.329903326057131,0.0524215038070063,23.1079999999999,1.14400000000001
"11428-28","extra_heavy",2000,0.819,1.01614117806062,0.539265195510854,0.233961068255337,1.10176693026635,0.351418030070059,0.312868015666094,1.10233443274901,0.356136640106798,0.31067491723098,0.0480306822278814,0.146968038692167,0.0618231271644877,0.0665771224840997,0.200726687674715,0.085459256006751,0.0460726615377401,0.136693298786041,0.0590559334113461,1.04427341732799,0.705268184859073,0.354463722104287,1.04653590260955,0.688705921575021,0.353483640718871,0.0606529161444786,0.255348265016155,0.0519393779495638,0.0821201457990733,0.344970191410568,0.0710670268080352,0.0551527457751895,0.231116898714092,0.0484651186764262,22.8389999999999,1.13799999999992
"11428-29","extra_heavy",2000,0.812,0.974073669805303,0.471326504911917,0.287569945245848,1.03082090343543,0.342325049230127,0.340895325288038,1.03028526050984,0.351204859799526,0.336958928506913,0.0485426071531758,0.138673409666703,0.0546028557078854,0.068766725069518,0.198767590752927,0.0779703871011782,0.0487922309979131,0.142673228975086,0.0557391980772597,1.00020710081661,0.584243581609651,0.374115115466159,0.998188921812983,0.593589673639365,0.372277187269885,0.056856301452405,0.228279782922601,0.0487907389686807,0.0824984834873652,0.330602540429999,0.0718211930061172,0.0598295352667098,0.239473609207772,0.0527726832967409,21.896,1.26900000000001
"11428-30","extra_heavy",2000,0.828,0.967678840055703,0.476431561503238,0.290659813618716,0.987001005484153,0.301396402901694,0.270750872582305,0.990664955294877,0.297045660785589,0.272020654351465,0.0471157701831205,0.0791189098875943,0.0615882214385204,0.0661862325513859,0.110541989524631,0.0866579244187974,0.0464492372600924,0.0769635630596052,0.0608599792196846,0.92395971136213,1.08529649954226,0.376318026292891,0.921925696971826,1.08537636823996,0.379494972903668,0.062164759382802,0.298800871446543,0.0488285886027887,0.0843745898215427,0.404362607956768,0.0677422247909071,0.0570700043011627,0.272476147394299,0.0469744546079509,13.1619999999998,1.15000000000009
"11428-31","extra_heavy",2000,0.8095,0.998063699235691,0.521668222103426,0.258121030245963,1.01614587689854,0.566374236044654,0.31750249181726,1.01266800471335,0.576777534224691,0.315951895186801,0.0470826372941122,0.156775332992849,0.0574117265016727,0.0651512454416756,0.223336105404855,0.0803242978144009,0.0449819480918668,0.15878719201894,0.0561327627548843,0.955555307066673,1.09324020180354,0.37706387652773,0.957560650761077,1.07362946367728,0.378913542347417,0.0575401239485323,0.283574871281492,0.0492975774221621,0.0793768786729366,0.397420475409718,0.0703240326430554,0.0546518186678722,0.27811936130468,0.0501606833330664,23.0239999999999,1.14499999999998
"11428-32","extra_heavy",2000,0.7955,1.10188871401438,0.474261635600705,0.0817356178508766,1.15789294844011,0.546338897215901,0.165342011960578,1.15765197268912,0.541945496936789,0.164702014014187,0.0464436061389604,0.219615319395677,0.0560864491476967,0.0645604398881057,0.300570542880266,0.0775419354038365,0.0449170451083219,0.205109942336588,0.0534764718876361,1.1061319261024,0.887158264495107,0.182207895351256,1.1045677760581,0.89898112765029,0.185528019236768,0.0572779722392599,0.313843681040617,0.0518595686015033,0.0788758482857297,0.43021563722313,0.0733836490993849,0.0541252786691618,0.293630726699144,0.0518707995502668,29.479,1.13599999999997
"11428-33","extra_heavy",2000,0.8055,0.976186386291389,0.519457232902337,0.287543934873178,0.980899990786947,0.774913059134967,0.327372824216447,0.979670791562765,0.779023420386511,0.3278579707075,0.0466533647386054,0.175841695322314,0.0498478751911369,0.0659072730280701,0.249812227928687,0.0698716959629222,0.0465850845043063,0.177604688758739,0.0490021681610695,0.897934508844195,1.44728866634821,0.362943624182532,0.895074902084895,1.4534460313359,0.364912450618998,0.0573178756356426,0.296316807547344,0.0466507594516438,0.0825154976758427,0.419613952906673,0.0648238043562386,0.059396775117842,0.297287670092025,0.0450149696091693,25.9200000000001,1.13699999999994
"11428-34","extra_heavy",2000,0.816,0.958304095126239,0.504264657596439,0.252657751482291,0.955804003087916,0.415094595804018,0.22762761227742,0.955786441707129,0.419220312306082,0.222893411173797,0.0447112596052878,0.085107096873644,0.0597273798030794,0.0630737698604787,0.119327395447574,0.085797054307812,0.0445620585477951,0.0837413197542821,0.0616898884057728,0.895903645184926,1.19800339743354,0.353955931502376,0.894725694790922,1.20453114615807,0.35418912273179,0.0590138164387135,0.280696413754527,0.0482392982736663,0.0853404230557017,0.406024455984931,0.0691588227233342,0.0614732838990069,0.292593098199642,0.0494908121657924,13.9770000000001,1.15200000000004
"11428-35","extra_heavy",2000,0.8135,0.988452598642981,0.459010821233027,0.256754888672987,0.996843955561297,0.664540247728449,0.283364272687743,0.992928931586571,0.670976473395934,0.28727876271336,0.0460127246213505,0.165549328855038,0.0531737426382029,0.0643282350427159,0.235078633324887,0.0762216424813998,0.0448447398595787,0.166378361377324,0.0545002637766047,0.922459363831481,1.0922636466288,0.320740553447341,0.922168219170992,1.09763333874261,0.319750501718352,0.056980827893914,0.249869473684267,0.0487304787175836,0.0799441798014782,0.344553871848284,0.0710253295830141,0.0561191248416291,0.23750521348985,0.0516660950602628,27.9059999999999,1.1389999999999
"11428-36","extra_heavy",2000,0.82,0.98876088700476,0.498055996482432,0.199880980512328,0.981180524170523,0.657850757922605,0.200957514383458,0.978300579395101,0.665517391682511,0.197578016478926,0.0466091857508402,0.140499397255501,0.0593433611564283,0.0641385682883057,0.196328034231319,0.0841506696881619,0.0440783551329368,0.137120995564537,0.0596758440153495,0.878286242105759,1.32346776882142,0.275240154052242,0.878222345912164,1.33018034537495,0.271887318540139,0.0576201824286716,0.243618148755569,0.0499891831508988,0.077079430105959,0.324665649685111,0.0710331601456665,0.0510944768013588,0.21415479358937,0.0504512585655079,24.7430000000002,1.15199999999982
"11428-37","extra_heavy",2000,0.8135,0.966445719402827,0.545816728371517,0.271526280630524,0.998236420319662,0.410440134962613,0.253876395026731,0.997656702679946,0.405371205977345,0.259135405918331,0.0468669489570499,0.101149250346583,0.0630724230456719,0.0655468882152696,0.140814361468729,0.0867423757676996,0.045769889433179,0.0977850658176444,0.0594062246001228,0.916121296466078,1.3444290710485,0.358401716376839,0.914984359466799,1.35884071181585,0.354601120951038,0.0620034493710801,0.327181251312859,0.0505767146084974,0.0853743186054272,0.44987079642242,0.0719788435440749,0.0586373278712763,0.308595398933839,0.0512169601647128,15.443,1.173
"11428-38","extra_heavy",2000,0.817,0.96092980784356,0.576696147243752,0.263888728865909,1.0231505229259,0.450449573597953,0.334404481791302,1.02471844555289,0.458347146483998,0.330577001687098,0.0478145578005643,0.142637710712022,0.0578968072513908,0.063414534490587,0.189513711828586,0.0797500485699216,0.0416061512856509,0.124520446126366,0.0547638337183871,0.991716518048309,0.827523535487314,0.400990242244482,0.990777803590225,0.830160246210377,0.402488537424048,0.0614971527519355,0.307479385120342,0.0497551710921846,0.0834431098350206,0.417724967025029,0.0702872922557364,0.0564560373719786,0.28302083783033,0.0496940230517789,23.296,1.1400000000001
"11428-39","extra_heavy",2000,0.824,0.995232699674678,0.463370665220963,0.28028690811957,1.00575017984561,0.465513836485968,0.253159930939383,1.00456057881839,0.465235841512113,0.253521855018474,0.0472879504606091,0.11506215541979,0.062853553480711,0.0662707850991887,0.159271588873418,0.0883046769650778,0.0464939677797012,0.110386121747884,0.0621402394469092,0.937970276114809,1.08319735696163,0.348126737902542,0.938361111452372,1.07142471373921,0.351547591226529,0.0603004592203905,0.26929969109113,0.0509699164081012,0.0830489194307513,0.374721118982231,0.0726331878096524,0.0569134508307868,0.259655077099889,0.0516925744195958,17.8340000000001,1.28300000000013
"11428-40","extra_heavy",2000,0.809,0.964063663743674,0.55266580864956,0.22662183002138,0.951995034616731,0.504885200869176,0.290541444715368,0.951826725969923,0.507786706021646,0.290246094917319,0.0499688265985055,0.115085317691801,0.0536231518922761,0.0700109649895859,0.161327693225557,0.0746977437093381,0.0490103560083742,0.11289095351042,0.0519762213076037,0.903293701016136,1.08249814011078,0.352246123721577,0.904526029046929,1.08120797068244,0.353498834724214,0.0588676752073079,0.247413134184241,0.0486846966287991,0.0831070499590113,0.339045325888839,0.068033827677097,0.0586508923484064,0.231636408152582,0.0475238139791671,16.8109999999999,1.14200000000005
"11428-41","extra_heavy",2000,0.818,1.03577471324477,0.489835639431027,0.205331016197505,1.01953998546143,0.48643296230873,0.15937372452701,1.01968533460001,0.490786520868443,0.157735548542652,0.0447110392867518,0.0928784102803813,0.0606150839416858,0.0625654725030009,0.128984263688006,0.0849569778962321,0.0437503309514584,0.0895250693305441,0.0595271880757622,0.932968093751418,1.54788081691339,0.298850925270556,0.93518566770977,1.53547844424344,0.299308710245904,0.0596273127320624,0.312456449495945,0.0480104476408355,0.0845124471971784,0.44410177228213,0.0673953197814777,0.0597625911241578,0.314945151507731,0.0472541391555993,14.1670000000001,1.13999999999987
"11428-42","extra_heavy",2000,0.8155,0.989096833703217,0.507257465088908,0.24574067318415,1.02181856892945,0.434672405278823,0.240915909943102,1.02069166089189,0.441708783505661,0.238173234702519,0.046530572789706,0.111969941888524,0.0600555670449426,0.0663008884515699,0.160211099245906,0.0863298569118529,0.0472784422130687,0.114779671410653,0.062053291610956,0.975521325918918,0.927891280320216,0.328741972887165,0.972910390958683,0.941284328899267,0.329355501295418,0.0590506208180288,0.262665951236228,0.0498819046050798,0.0862239101026039,0.384279842110092,0.0693322858453012,0.0628555713405999,0.280662224391915,0.0481732587226142,17.415,1.14799999999991
"11428-43","extra_heavy",2000,0.8145,1.03932310568699,0.504842936303465,0.200191550411278,1.05288615929225,0.614515666363992,0.255075777975927,1.05107132417378,0.617241925521231,0.257135702575175,0.0502438251021459,0.172541512547666,0.0555025262240633,0.0705609103511616,0.242202094649112,0.0784174717977228,0.0494603716004091,0.169612415791307,0.0553603660495657,1.00291626254285,1.05751491400619,0.309596038848537,1.00025990926169,1.07224983464948,0.309901867861635,0.0612517877154947,0.296941554748046,0.0496575879383553,0.0879699714560221,0.421222162485414,0.0714042732042128,0.0631848456292967,0.298903461563617,0.0513369122675485,24.3429999999998,1.15499999999997
"11428-44","extra_heavy",2000,0.807,1.02686093507073,0.466874492157165,0.22892105421966,1.08210344652141,0.27382584258696,0.304332360966402,1.08018708495181,0.28138321914619,0.301603114473331,0.0475418591180945,0.119771625780162,0.0483911520953335,0.0667701294346387,0.166546738175023,0.0682772399555015,0.0468519589230149,0.115609405591795,0.0481019743696454,1.08653181394681,0.368182311734535,0.330181144533052,1.08315895748742,0.371149282593202,0.333088978727613,0.0565807348944959,0.226630468431789,0.0460079233910779,0.0760424586718669,0.306477606117784,0.0630674672022632,0.0509821703281197,0.206931509246964,0.0432420180882031,22.336,1.1400000000001
"11428-45","extra_heavy",2000,0.825,0.994866226934421,0.501121659096974,0.274528080661464,1.00397140091327,0.501843256548612,0.239904673889707,1.0047354923039,0.510135799809248,0.23295022419294,0.0457577580126918,0.114376182459371,0.0611056715352867,0.0659562455400248,0.167076625370558,0.0883130652274353,0.0474775659371459,0.121643408290757,0.0636963128235547,0.910351888929067,1.44662819955269,0.348746171997472,0.912001215861254,1.44137435030624,0.348331154961648,0.0599271096083241,0.309941469639129,0.0482082705074384,0.0855275929286852,0.450025376983381,0.0680359229319077,0.0609457724680078,0.325944780809664,0.0479825331524145,16.693,1.28399999999988
"11428-46","extra_heavy",2000,0.827,1.0266486685279,0.473892346178389,0.201533536311477,1.05161146810055,0.503560338087485,0.227873329158172,1.04835892906871,0.511732630384874,0.228496194339464,0.0476811729571079,0.148075923051056,0.0563346588396204,0.0683719112042658,0.206217730386332,0.078233994408036,0.0489546357535059,0.14337108350247,0.0542519691383666,0.984016868067755,1.19449914855606,0.293668153661042,0.985819783226974,1.17796284645909,0.294686831931212,0.0605159755723781,0.326744667147222,0.0471229499402324,0.0834668365679919,0.445043866754838,0.0654185024015106,0.0574753692358902,0.302108529468405,0.0453879053353969,20.9659999999999,1.2829999999999
"11428-47","extra_heavy",2000,0.811,0.976796371831795,0.531505019493909,0.245129264734555,1.04340600265974,0.404497537338356,0.346983753261947,1.04301802164068,0.401122421954816,0.349603406391458,0.0476386849617642,0.180326129650851,0.059884045954249,0.0653819922814387,0.247843262125165,0.0824235559399569,0.04479144132339,0.169862673907744,0.056617585023138,1.01951490846284,0.628593774168475,0.392824612882323,1.02128444643222,0.594800536895334,0.397324412828494,0.0587168532132484,0.305112371098023,0.0505824795418673,0.0815851378837042,0.421728795557231,0.0691796024175012,0.0565902535343448,0.290748859320724,0.0471608377354437,25.1509999999998,1.14699999999993
"11428-48","extra_heavy",2000,0.813,0.957519133270231,0.495229382866896,0.302234766701678,0.977408641761145,0.531806699587456,0.332053257254706,0.979345387389491,0.527990253810896,0.331151759446543,0.0434969751641355,0.135877797749784,0.0586776436119196,0.0599873623538503,0.186317603057925,0.0804955403312977,0.0413279823019801,0.127487736419431,0.0550844517279386,0.913691226903328,0.952730550478228,0.402905675154369,0.91318032143994,0.958634010674029,0.402105106249808,0.0548875671348353,0.237668241274749,0.0492102212589907,0.0738417354778094,0.331198263801193,0.0690048449767833,0.0493893848443217,0.230700285056909,0.0483837261937649,23.8889999999999,1.13999999999987
"11428-49","extra_heavy",2000,0.81,1.03719245506334,0.432038993435116,0.303537143827482,1.00631325722082,0.54777635380414,0.275523215297752,1.00674351071671,0.543185147650238,0.278671157691022,0.0451572734954399,0.105781236462707,0.0566410538391786,0.064343003334196,0.148172643231065,0.0783943841498244,0.0458568517863403,0.103775562659428,0.0542244820484775,0.916387769698559,1.48367710862085,0.374649800741818,0.913035472128396,1.50044262815583,0.375743214901637,0.057341707349571,0.27844063769161,0.0478509749425897,0.0802154568879182,0.380479330073025,0.0678905235321016,0.0560197953234493,0.258816326089739,0.0481639385194241,12.6039999999998,1.14400000000001
"11428-50","extra_heavy",2000,0.811,1.04430135365865,0.487884375258817,0.216705226373476,1.04656908701004,0.46216902313508,0.204903256402126,1.04843322232201,0.465093239941934,0.200726303801508,0.0461702022831161,0.106269233111703,0.0587414272996812,0.0655220248440893,0.150571332772479,0.0837690217819705,0.0465154893966348,0.106591280488834,0.0596802054593733,0.982033505161792,1.11146473157681,0.293276904129453,0.982379182684539,1.1110937536855,0.293505058850054,0.0573733885866281,0.255638709957142,0.0492049939759601,0.080324364042586,0.345811384161277,0.0684600504793701,0.056341038899943,0.233263484736209,0.0476485045919648,17.6500000000001,1.17200000000003
"11428-51","extra_heavy",2000,0.8115,1.00146652371877,0.480000281897357,0.248547501636071,1.00163518094258,0.560970299335785,0.215154884520867,0.999961424828281,0.569398488379633,0.214500332151604,0.046051350509235,0.126698035975604,0.0611724671325607,0.0631432869775018,0.170354845930376,0.0826861967341015,0.0431235043494144,0.113674469652764,0.0555680568562209,0.931459577306359,1.30113664120881,0.317694261704824,0.931497707686163,1.31199316391188,0.313755948462193,0.0589310601782109,0.299554890491175,0.0499831859080401,0.0825363177139056,0.41465597322753,0.0708576618006969,0.0576754585417893,0.286223663278483,0.0502369397792581,17.8620000000001,1.2679999999998
"11428-52","extra_heavy",2000,0.816,0.99058165876315,0.533943007804679,0.228264546982869,1.00139958039113,0.408532915219887,0.262826577952594,0.997583710273484,0.414958850434496,0.260782327738665,0.0473441799786931,0.0938113973550768,0.0556422320100479,0.0647617741860168,0.129084743806684,0.0770827098906992,0.0441889600333728,0.0886521036058145,0.0533666177982502,0.96599669117258,0.964557092318065,0.34980444583149,0.964605575516404,0.96670656990296,0.352232319473665,0.0585918177764075,0.252445897404087,0.0482287254802568,0.0805073174748059,0.349501836069707,0.0681510936473356,0.0550907686851036,0.241194301978638,0.0481268079243333,14.4300000000001,1.14400000000001
"11428-53","extra_heavy",2000,0.7995,1.02201383198037,0.527286693063542,0.195809582743477,1.09743379913772,0.269700061206029,0.162602887720818,1.09852543745034,0.267122838941642,0.164305674656097,0.0404336594749793,0.0727318499406376,0.0700017591490024,0.0560997639756846,0.100851754849274,0.0967172073426084,0.0388347468295175,0.0696659864353763,0.0665699760016826,0.9851598053853,1.21930867458057,0.262863115311052,0.984502009232947,1.2144088313297,0.264564475237177,0.0554596402092208,0.276489198641272,0.0517667032489013,0.0769334158379682,0.39320539979039,0.0742174907721915,0.0533111159259548,0.279591499891767,0.0532043191688062,12.682,1.13799999999992
"11428-54","extra_heavy",2000,0.814,1.03873453650327,0.456975594445788,0.22088226686022,1.10528546081072,0.484926741707208,0.311568654707569,1.10325132479972,0.483798604704172,0.313104944479647,0.041297804792823,0.179056172061955,0.0493104459349844,0.0585264335633361,0.253776086975224,0.0694547059239641,0.0415817417302401,0.180131813903338,0.0490048815198135,0.947578199653698,1.28997718152756,0.286047993169459,0.948673052888382,1.28847234709725,0.286412363633991,0.0568979344896653,0.266256055764225,0.0481725561427415,0.0781579152243505,0.365624785119784,0.0682256136243871,0.0536190388104201,0.250614558974652,0.0483298999174187,31.557,1.154
"11428-55","extra_heavy",2000,0.8135,1.07526754658497,0.487347834229091,0.190657212990104,1.00064410183013,0.523057624812451,0.202587334656808,1.00260749702705,0.519852472640241,0.203359757508832,0.0496256776149314,0.0890314672147166,0.0520444923614693,0.0680854945128927,0.123048708709076,0.0729797271572841,0.046610213038561,0.0849071116228045,0.0511821023063797,0.903468344638563,1.75102153839525,0.290316330743496,0.903246470645786,1.75260934415069,0.289946600265756,0.0600714505460874,0.27898213853434,0.0471484429158486,0.0839705525466877,0.396128851945516,0.0653913558643783,0.0586168701037963,0.280804016041472,0.0452813445741498,15.741,1.14800000000014
"11428-56","extra_heavy",2000,0.8235,0.982739619935707,0.571132805912108,0.245220896408472,1.0089989672765,0.56711294688177,0.206952502114124,1.00694553988639,0.564417137457588,0.211546905686597,0.0442948899559121,0.125997024043523,0.063901029862662,0.0625196777783344,0.174690905602672,0.0880561643374516,0.0441018071516364,0.12100443486304,0.0606067305918783,0.926178177219961,1.14052966731638,0.29421569766915,0.926083610524075,1.14409544090899,0.292280915397311,0.0557295148349657,0.237324895766284,0.0516713286539202,0.0764018919949413,0.332913272299678,0.0725337190903691,0.0523145382737839,0.233650603893511,0.0509139112327078,19.271,1.173
"11428-57","extra_heavy",2000,0.8145,0.986473486799685,0.468399477973954,0.308862628248691,1.01184092986982,0.38710633929232,0.299496845086784,1.01144647005932,0.384843324937469,0.301668410079453,0.0455375473123705,0.108987637263814,0.0622885482725807,0.0632672498834127,0.147285807835781,0.0828833293968433,0.0439515785810474,0.0990229167502789,0.0546877900992879,0.91994121656219,1.3130474564427,0.386755979061503,0.921314807616721,1.29944246326686,0.388787838413795,0.0605611134615304,0.328708128092005,0.0492479133456447,0.0833892453812022,0.45885032245803,0.0699354441706483,0.057203992116685,0.319358530680638,0.0495921042741118,16.212,1.14499999999998
"11428-58","extra_heavy",2000,0.815,1.03743078367215,0.460468789346307,0.234652883264718,1.04580059616484,0.417705325246127,0.210785381293893,1.0471510193273,0.409450013264235,0.215343147969636,0.0441676473840098,0.10023808000236,0.061657090036604,0.0603187182298378,0.13801395757109,0.0870599928092231,0.0410859596705631,0.0946737362508799,0.0613607017922053,0.955029368681928,1.19863257554271,0.306759233597637,0.955708492815765,1.19709582211191,0.305809865309416,0.0567500299571325,0.258457956540332,0.0486154635334519,0.078874574804633,0.35814726756133,0.0671581627586681,0.0547060256676933,0.247628745524856,0.0463338279377161,18.2940000000001,1.26800000000003
"11428-59","extra_heavy",2000,0.8115,1.05033007595158,0.538360540958781,0.241662719490066,1.08024744442862,0.587071403262833,0.27345726424437,1.07856684843044,0.590570886434832,0.274772354824611,0.0466652943369975,0.154000699273081,0.0571489225008348,0.0644456913102834,0.215554249748823,0.0790159586482821,0.0444616929863974,0.150661336142806,0.0545323691191701,1.02017649065712,1.07817514118902,0.338689280206861,1.02322659277684,1.06627014443088,0.335926711910823,0.0572736737750468,0.271208806606175,0.048944562761529,0.0796481505958234,0.38133282146423,0.0694925382368678,0.0553104190037666,0.267935668235359,0.0493194493559432,23.2479999999998,1.14800000000014
"11428-60","extra_heavy",2000,0.8135,1.0073690752551,0.526611739177474,0.252762027706003,0.965925459406565,1.17811098383379,0.291471703595734,0.964776480920813,1.17415159099066,0.292607249845687,0.0498773507639774,0.218847007187795,0.0505074648427372,0.0674059974205068,0.312557540414669,0.0712262547819695,0.0453430678868683,0.223172520990217,0.0502185716409756,0.91230928059426,1.55742420947581,0.338806038632659,0.913146928960731,1.56238796472833,0.337893822719785,0.0616856476253417,0.318471268191789,0.0482522322659656,0.0847588437691382,0.447968716488776,0.0685816552019161,0.0581609397919043,0.315229896845532,0.0488041783661813,27.3890000000001,1.1429999999998
"11428-61","extra_heavy",2000,0.802,1.01488414472976,0.542883776607935,0.185319238064127,1.04976653011653,0.481129543067935,0.156905375300951,1.04926899026578,0.481856283446733,0.156438982185678,0.0443906674787986,0.108360421754497,0.0636348530373556,0.0616922703047336,0.150501837775828,0.0894696821831352,0.0428237044067979,0.104376466737758,0.062907701661664,0.981417610335682,1.13422202311383,0.266861083208845,0.977373565146467,1.16292755270694,0.26341186557953,0.0572954916673784,0.266112354980556,0.0511004425682769,0.0794549066520549,0.365715828047616,0.0703330696546437,0.0551164159534461,0.251186568315781,0.0484032125611635,17.9550000000002,1.13799999999992
"11428-62","extra_heavy",2000,0.82,0.947434089010426,0.570082924315045,0.31473966310458,0.978260978149296,0.56874651661806,0.301308541926953,0.977944651461483,0.570690240352273,0.300115391679018,0.0473680027820583,0.126096784777935,0.0585599979283539,0.0680497954133125,0.178318111897264,0.0813870160401742,0.0488609095662176,0.126019574722529,0.0565251621748379,0.906463725742786,1.27915676747262,0.395820118408336,0.903246864276722,1.3015053655068,0.394100676633227,0.0598075038009282,0.285217089329319,0.0490124255239162,0.0829767263742325,0.400481203871105,0.0702990278796596,0.0576026797252774,0.281421844992438,0.0503986791972361,20.7170000000001,1.14999999999986
"11428-63","extra_heavy",2000,0.8145,0.920119218644218,0.503238666482015,0.356125417129374,0.877321427109847,0.665042042727018,0.386981283909631,0.876620109539902,0.669644300832405,0.38781085174239,0.0509795232557546,0.128807625082675,0.0497264906629995,0.0701559218909187,0.179948628361491,0.0691767549410765,0.0482096054494815,0.12575089599562,0.0481175390013504,0.83406436827311,1.23180550912842,0.440240668966398,0.833515855969382,1.22942621513896,0.439687416083453,0.0595267293269485,0.249887161861742,0.0469831883632384,0.0827740956730325,0.341507961930124,0.0672897428991222,0.0573436773712156,0.232075024428845,0.0480883114606262,19.9949999999999,1.14800000000014
"11428-64","extra_heavy",2000,0.82,1.03569044966386,0.477516398244111,0.245401981188966,0.93356206419577,1.45655784769407,0.0862995444254845,0.937127026017978,1.45143429094923,0.0846630028324563,0.0465485839498908,0.190970442129221,0.0597639921529902,0.0628004055156939,0.255716365877648,0.0819655726054282,0.0421449020998262,0.169725463213903,0.0560351610011385,0.852605480140525,2.05621593957063,0.220394207873356,0.853821779961119,2.05124553185742,0.219566105992659,0.0559385105292085,0.278531538784306,0.0506874861817234,0.0766043932587736,0.379541303824017,0.0694551796147582,0.0524130908931859,0.25801901030142,0.0475113484278783,22.2079999999999,1.27700000000004
"11428-65","extra_heavy",2000,0.814,1.02343552987026,0.525317257512123,0.232065984865157,1.02647889024658,0.484270498399436,0.191330936053688,1.02598062539758,0.485841487020846,0.189384909913792,0.0440661842112008,0.0974176028387101,0.0642304948743986,0.0618492828454441,0.139016393388706,0.089841942301277,0.043377976351575,0.0990569483982529,0.0627077921970406,0.9250301021124,1.31492603299109,0.310439850179798,0.923316257444709,1.32335682965315,0.311060180353896,0.0575016241251096,0.250826822089827,0.0509000908304519,0.0802575397082077,0.346124662913583,0.0711848470161991,0.0559879804886045,0.238453619096056,0.0497801037013502,17.5060000000001,1.14300000000003
"11428-66","extra_heavy",2000,0.808,0.973409961410028,0.505327840691247,0.208691624288391,0.986057555874312,0.684510770523513,0.183512800244407,0.987694230334081,0.670968767660861,0.188996859206927,0.0459217789795304,0.155716380838945,0.0614347140692587,0.0635279716732226,0.216481517575532,0.0863274191748826,0.0439149251868224,0.150245438552564,0.0606146960413963,0.911028211642546,1.2870092874801,0.265217106049184,0.909651422745704,1.28866154657451,0.265645864217571,0.0571196212764933,0.279973773604003,0.0511884633413595,0.0781769913250431,0.387486951220267,0.0717742612587958,0.0533085238226045,0.267446012617847,0.0502620117265163,22.96,1.14400000000001
"11428-67","extra_heavy",2000,0.823,0.984295519505473,0.510804741103476,0.280097296240479,0.943821802101604,0.759346863970513,0.235368904867297,0.945521504110525,0.765750702109179,0.230227170252871,0.0468585974157787,0.136377829218662,0.0595413604261486,0.0645695729827558,0.192207573412615,0.082036706552454,0.0443717513679265,0.135267778954746,0.0563840956061656,0.870698683877128,1.5800366825915,0.371673722220508,0.870462108611496,1.59034109455723,0.37030999359302,0.0610063586997408,0.315142441482946,0.0486492261123422,0.0849424389241822,0.439708144538546,0.067836431635979,0.0591222180614024,0.306668398966424,0.0472826233287716,21.604,1.15100000000007
"11428-68","extra_heavy",2000,0.8075,0.987123068591819,0.532927094849177,0.205750055670312,0.968103504745266,0.631052828727841,0.138335528326436,0.968752145524615,0.633393503100752,0.136760122258365,0.0430659254710831,0.104868210134894,0.0618159717308161,0.0607016064681714,0.148535591535371,0.088496616321025,0.042785093978746,0.10513229909384,0.0632852308230457,0.888113533581469,1.61607483211671,0.305549349134259,0.885011308742625,1.62591968691193,0.309780119095395,0.0578551105873653,0.312424471199018,0.0488787386146569,0.0815847157222481,0.435479904162043,0.069219187902607,0.0574859559941156,0.303256195418629,0.0490514872992351,18.5630000000001,1.13499999999999
"11428-69","extra_heavy",2000,0.8155,0.968409330326354,0.472936654263771,0.276145761409142,0.960693641720098,0.755613941665919,0.297721316633499,0.957007849498694,0.758497988519659,0.302604386026116,0.0448653653247444,0.165875385401346,0.0564823582772509,0.0629050560306679,0.230211416175356,0.0790225957543727,0.0441411066625361,0.159682125098818,0.0552964529870651,0.893590895699053,1.32631704454448,0.390216675818036,0.890923141637265,1.33990550721212,0.386603457204949,0.0589628408712513,0.31252598829771,0.0476971363427535,0.0808934948212505,0.430019743454351,0.0666772649028007,0.0554205245206437,0.295586980570854,0.0466029681565938,27.424,1.13300000000004
"11428-70","extra_heavy",2000,0.809,1.06346103399233,0.437025879562191,0.222317265004199,1.08078448796028,0.472170862512519,0.25860291125346,1.07789937946377,0.487981299251305,0.255228298707101,0.0470327475498749,0.146444848973397,0.0557896321035615,0.0667775095854805,0.207990142185933,0.0794184083455595,0.0473896647907435,0.147566436604349,0.0564816974603109,1.04048173911314,0.916655605049038,0.314077245574665,1.04291010403428,0.913843422984349,0.310953434055343,0.0587315349917514,0.300298711880852,0.0487340847514832,0.0827409548176527,0.422858926762221,0.0669932207179177,0.0582301224571579,0.297445041962888,0.0459636586917899,21.3140000000001,1.13999999999987
"11428-71","extra_heavy",2000,0.8275,0.966968806170881,0.506062256009274,0.34536509376597,1.0275577385058,0.220526003754217,0.354115748674923,1.03138459971294,0.217313267045973,0.354585827587901,0.043372575605164,0.0674515238751451,0.0706533654845133,0.0590250024959102,0.0968857240956255,0.100327679911152,0.0400445171165694,0.0696079595000856,0.0712822833623329,0.960519087002532,0.806546842945478,0.466192363311922,0.962988225908897,0.79154863203929,0.468825629935795,0.0601877507350061,0.257790103281124,0.0512017811045853,0.0830581624220097,0.361817340854791,0.0724073154910479,0.05722901241868,0.253611896252005,0.0511829825376311,12.5700000000002,1.14599999999973
"11428-72","extra_heavy",2000,0.823,0.904312039857755,0.53377070648187,0.374074652777355,0.82021102287569,1.0546843130848,0.315647276086267,0.82387422528963,1.05056238160668,0.312373883978599,0.0482789940702996,0.151843808167185,0.061870586627426,0.0681592962179743,0.214448227804016,0.0878768077967806,0.0481960863549692,0.15152713693755,0.0624129865695512,0.732217411257209,2.09650254242625,0.48634805364415,0.729292392492717,2.12803981569612,0.482037236295151,0.0624311155383894,0.336121332361293,0.0505423715352209,0.0877274815154372,0.473158661586727,0.0700115901200855,0.061652149450591,0.333159916010721,0.0484763107573566,19.5039999999999,1.14899999999989
"11428-73","extra_heavy",2000,0.8225,1.00571107748614,0.498491354099992,0.326908906490828,0.980754647951721,0.508840486761046,0.251795906656222,0.983707759831031,0.506919070653297,0.249766828321248,0.0463964130074275,0.0892533087183883,0.0613729432379044,0.0636448568853836,0.124770321061813,0.0872815509411196,0.0435639912108233,0.0871572235741919,0.0620549008910588,0.896801678925201,1.2458337355142,0.381371922868566,0.899196967634373,1.24110265744642,0.37874228939395,0.0588281089911836,0.226673627704937,0.0503843945287226,0.0807078746388226,0.317480516365683,0.0703790643197697,0.0553579780751902,0.222326393575452,0.0491123102164819,16.1510000000003,1.15000000000009
"11428-74","extra_heavy",2000,0.833,1.03212046522252,0.452728616535791,0.312290321221182,1.09842343240043,0.325073124735681,0.379206737035145,1.10034815144699,0.31184247350929,0.382703741985453,0.04913190922958,0.162903477070207,0.0546340312167423,0.0703892557410884,0.235214088786567,0.0759928362010401,0.0503633789209063,0.169473803734548,0.0527784975420196,1.09700040448355,0.456244327612404,0.420402008946431,1.09832670826522,0.442694713584387,0.420229618903919,0.0620157532212819,0.321664741264137,0.0475306894254508,0.0899443887177305,0.461646939121814,0.0668436293866729,0.0651986777903483,0.331265814838547,0.0469998231854642,23.1419999999998,1.279
"11428-75","extra_heavy",2000,0.8125,1.07115239952336,0.497362194892798,0.156956167893961,1.08253574696679,0.640873372737719,0.160411999858271,1.08224876977344,0.640459568731508,0.159972732669993,0.0471364999032347,0.158664379704244,0.055283042617501,0.0661609248807601,0.225179672792497,0.0797363027764704,0.0464267225774944,0.159783136619084,0.0574244018671232,1.00205812498422,1.36202191462725,0.224204835848565,1.00266600082061,1.35692266569485,0.223608952833823,0.0599560694693402,0.314888830993248,0.048521281763388,0.0839105114202757,0.446206853130974,0.069086239606435,0.0586446250193665,0.315853367608248,0.0491692789732662,23.663,1.14300000000003
"11428-76","extra_heavy",2000,0.813,1.03984335223407,0.467649062800702,0.195096248451021,0.960219672348456,0.860884752965083,0.170178999049741,0.96070629699779,0.861135940821277,0.169276519720057,0.0478176728855894,0.138790490812211,0.0539752009546298,0.0691650053031282,0.202369615632644,0.0777203889204202,0.0499847379231368,0.14722853473401,0.0559122447817153,0.884441356957759,1.75084330174492,0.27568077744237,0.887272099660952,1.72544218906036,0.27595507250675,0.0582134173793171,0.288542685278303,0.0473114977354974,0.0828920987070434,0.416917206220297,0.0688975208331225,0.0589191226220284,0.30071175199477,0.0500993391995208,20.4520000000002,1.14100000000008
"11428-77","extra_heavy",2000,0.8215,1.06499512241865,0.516654481655587,0.147947168070053,1.07986452377891,0.552881494031915,0.169472850035231,1.0791335715984,0.555775955216356,0.168861586598492,0.046057160441879,0.141134891453556,0.0591658654905551,0.0626622398269461,0.190215239330526,0.0805410488624278,0.0424657709734495,0.127350830895229,0.0545736134209942,1.01693866383212,1.01779174603567,0.237330273093635,1.01703119530411,1.00989735312439,0.237034805048803,0.0562648917426976,0.244897772058298,0.0495875816210033,0.0778171307829831,0.335268245573135,0.0676980731814711,0.0537108035040481,0.228750149537161,0.046119222855054,22.9740000000002,1.13799999999992
"11428-78","extra_heavy",2000,0.812,1.00025824630765,0.429972163824674,0.225786042496897,1.00793564646686,0.627924558834604,0.253404047422414,1.01107777702066,0.61741160905646,0.254359133994471,0.0483780492391871,0.18021566320933,0.0541230808265599,0.0695644162287727,0.248218831803402,0.077564679602482,0.0500015894549169,0.170691565735074,0.0555617288214669,0.953955208532003,1.05879445382969,0.303112397841327,0.948709070366004,1.07575926490378,0.30391507331467,0.0590852090311259,0.293191429055284,0.0483128548240336,0.0854808355919703,0.418969714148316,0.0656856226004256,0.0618348939430298,0.299656839332067,0.0445825416145201,25.6419999999998,1.27499999999964
"11428-79","extra_heavy",2000,0.812,0.988473871510839,0.535306658139612,0.275533042925675,0.923212559046848,0.790660227816676,0.197801312535013,0.924155179171456,0.792786561904281,0.195175463977084,0.0465399401962878,0.114658232080707,0.0548141752139954,0.0653029531484027,0.161812542209588,0.0768423417790002,0.0458431945639886,0.114240452473315,0.0538989651156748,0.854512672003462,1.38415656611963,0.301476257269657,0.855181006735852,1.38500978812208,0.304136122897709,0.0555436869225997,0.209537225593529,0.0485982043236156,0.0779837470999359,0.292076257256862,0.0678701188511052,0.0547300443983519,0.203407165781737,0.0474055546486848,18.741,1.26600000000008
"11428-80","extra_heavy",2000,0.821,1.02214016174028,0.522092519056573,0.252393666324441,0.995835157267908,0.551160345636127,0.302757343492194,0.997651064470783,0.540093325355627,0.307623261656129,0.0533992145324962,0.120962570742858,0.0525423155248635,0.0762229905616989,0.165681517892443,0.0733496933349173,0.0544296711551532,0.11325686196596,0.0511568047230465,0.962726637875035,1.23655734468895,0.367550825220754,0.961123541486712,1.24208496092706,0.36878169422616,0.0645936203130559,0.307904133187947,0.0487269136277577,0.0930630440909891,0.447655645477075,0.0691520649466787,0.0669434208250543,0.324669575274479,0.0490865921889641,14.663,1.14000000000033
"11428-81","extra_heavy",2000,0.815,1.02325210666048,0.477196399553268,0.268571174105826,1.04988002522031,0.538005219267059,0.239515475264861,1.05238107223425,0.526044983201497,0.242205272274287,0.0429767389483702,0.13295128610319,0.0626298066620687,0.0577598122067739,0.186993444428255,0.0899579817963771,0.0386690642955475,0.131624761625327,0.0646347510126301,0.956297379739039,1.24344098909341,0.316471987852149,0.953610303676415,1.26270766667723,0.315422673278651,0.0555147184654831,0.26990309242022,0.0500319168505962,0.0787318176300834,0.374291548503252,0.0701031781040596,0.0556790383160839,0.258639142487161,0.0490193392939298,19.944,1.14699999999993
"11428-82","extra_heavy",2000,0.8275,0.967508617047031,0.455446285800567,0.336737282542696,0.92123488375109,0.426254578450546,0.315535523980411,0.923670273536142,0.424282517719081,0.313758326535583,0.0493736454744509,0.0811303586154127,0.0562777966149636,0.0677551585507972,0.110949198688025,0.0790953034122018,0.0463425761440748,0.0756481227690043,0.0556076718157833,0.82351108556269,1.64059913103403,0.427564588056149,0.820438141885577,1.66221150012951,0.425506651175838,0.0631081808256557,0.303700565212791,0.0479377787869294,0.0859299555375965,0.418208826692234,0.0665493107736069,0.0582080634403896,0.286858405512147,0.0460756054615442,13.3959999999997,1.15700000000015
"11428-83","extra_heavy",2000,0.8165,1.00841159101704,0.494961343232426,0.229805663760421,1.03990748834117,0.373919895124302,0.243711198364469,1.03891343654498,0.374787474147976,0.245531690807406,0.0485619174199329,0.105627028072581,0.0570547167698922,0.0671131117731137,0.149258966645848,0.0835823818891327,0.0463577035814968,0.105422479566021,0.0611004443658615,0.978835619079276,1.09613784597761,0.31553707386118,0.97655680948082,1.10634790633137,0.31482343848907,0.0617228429773356,0.307087877250544,0.0487497328050596,0.0846806155529748,0.425759850493924,0.0680345235182285,0.0579428442719167,0.294773099670731,0.047512324619374,16.7190000000001,1.14100000000008
"11428-84","extra_heavy",2000,0.81,1.02094629075409,0.489023401970767,0.264530168870703,1.04465421934526,0.540138661494466,0.226647463695135,1.05025447671178,0.529377343344718,0.226714222922729,0.0440672473212387,0.132256225131494,0.0637993243606819,0.0629292763308774,0.183089641777796,0.0892450661167372,0.0448896519291125,0.126508751082212,0.062354508758824,0.983123338758865,1.05710865967587,0.322782163645051,0.985627284421308,1.0477405117777,0.323903791013104,0.0560026165627732,0.265334661555422,0.0508648529845601,0.0778002627209522,0.365845948134799,0.0714756098151748,0.0539308640525168,0.251480579435965,0.0502007303746465,20.4250000000002,1.28600000000006
"11428-85","extra_heavy",2000,0.8265,0.98645932118801,0.483058048155169,0.278501128408118,1.00048836440719,0.434247819604984,0.19353128083343,1.00164332594014,0.432517889699973,0.195022816788976,0.0433943268114302,0.092647276559153,0.0685956962303764,0.0581077219174129,0.12616610785453,0.0948932343597602,0.0385299229822284,0.0851151762093806,0.0652069599219965,0.921683529480901,0.966533730844772,0.316718629655088,0.921036533767428,0.961424394325601,0.317034913698131,0.0555661483181402,0.205022884866039,0.0524050134693163,0.0757667703106304,0.281336294376201,0.0711909597070607,0.0515738363931223,0.192798605609644,0.0481845242079052,16.8490000000002,1.14800000000014
"11428-86","extra_heavy",2000,0.797,1.00866566528472,0.498053123087484,0.194162113624207,1.01749256359016,0.980705327671849,0.188046486290271,1.01672992371275,0.985011490801578,0.189517932830476,0.0441334967025353,0.218759476129687,0.0585650606341505,0.0613681138159009,0.306620917361383,0.0802638925964883,0.0426424690973328,0.214447237139758,0.0547965028733805,0.958086207676058,1.49136449874143,0.24964931110488,0.95456029717893,1.49696751748244,0.251859428522326,0.0549826336082392,0.342745298211675,0.0515107915440925,0.0786228233687953,0.474774265625072,0.0729335836819665,0.0560326010192973,0.327030635846097,0.0514696404497064,26.4839999999999,1.12699999999995
"11428-87","extra_heavy",2000,0.821,1.00141338030887,0.529205717257684,0.233402793723774,0.96457082536654,1.00545022283192,0.220665431668639,0.967097530783271,1.0030579406121,0.217413498821029,0.0493930295209728,0.189318508387727,0.0573504554001957,0.0674313825850587,0.260102128855612,0.0792564509146969,0.0459153488009463,0.178264742936929,0.0546547934534566,0.934986041632572,1.35913835540086,0.331473674091601,0.937122140435997,1.34805145257584,0.329319845366199,0.060709324341038,0.307730607051037,0.0492424609119592,0.0826788346009256,0.42378847716223,0.0684245236742646,0.0561709545150612,0.29138803377258,0.0475064856114744,20.7139999999999,1.14899999999989
"11428-88","extra_heavy",2000,0.8065,1.04693128641744,0.506531232433193,0.235444579346381,1.01068819519511,0.666160995079726,0.207696536314641,1.01065432757783,0.662841877703831,0.208728321484474,0.0447882544364727,0.113540160776586,0.0595174442393763,0.0625890705781442,0.154677735002868,0.0811274402109462,0.0437111054239527,0.105000202181043,0.0550867999031173,0.913088510471561,1.68550113624792,0.334538971792653,0.916497726693367,1.67859720667341,0.334323376689482,0.0571725236321407,0.286038308511614,0.0490829059603746,0.0811530382803034,0.40680235669555,0.0678510079246958,0.0574826635490588,0.288649605883041,0.046813166146539,16.585,1.15200000000004
"11428-89","extra_heavy",2000,0.8295,1.03249956659686,0.518187164580135,0.208659036431377,0.994366377330789,0.683834683477149,0.180486684565952,0.994872891443072,0.681067701809012,0.181724600611978,0.0472107461023119,0.122437481267286,0.0551939020630369,0.0667241990110687,0.172904707019452,0.0785527419263217,0.0471560540745385,0.121873198704031,0.0557858202886808,0.93884378725004,1.33324329072925,0.295366107752215,0.940924323528456,1.33269468529209,0.291434814239701,0.0600073221126258,0.271807166416247,0.0471397735398769,0.0830569245735531,0.376221990119924,0.0652483730299819,0.057385489906061,0.259856249356789,0.0450944828862881,23.3110000000001,1.154
"11428-90","extra_heavy",2000,0.8005,0.97596158937455,0.489336096743317,0.261384837801323,1.02796017695822,0.506711191556653,0.236840328787562,1.03084505329339,0.498459992572733,0.237561046288677,0.0430768489037994,0.137272019800342,0.065063095190168,0.0591590000448395,0.187162712786662,0.0904280617613231,0.0405312100943313,0.12707238837786,0.0627386294181358,0.983080152448893,0.949913633955883,0.334350005903887,0.98313038277762,0.96171916234613,0.330657590293739,0.0557882695850422,0.292681286767937,0.0515775008829706,0.0748141914503635,0.406536062127739,0.0745175313448032,0.0498385327979586,0.282015504674348,0.0537806255296212,21.2910000000002,1.26099999999997
"11428-91","extra_heavy",2000,0.8225,1.00540505098119,0.520246796326569,0.225894897925422,1.06699241242193,0.285886838524968,0.220139593056074,1.06631626606814,0.286583116305738,0.217951445790082,0.0445273874468117,0.0849912074830037,0.0651413369769283,0.0635528582838668,0.121325584836839,0.0916023452890713,0.0454085993507936,0.0866562084143456,0.0644289546194875,1.01768861265148,0.785942939445573,0.318933288321084,1.0166430474769,0.790166946441383,0.319480482296665,0.0595127722209639,0.260211473619774,0.0503608266236724,0.0814996045778313,0.366528692858543,0.0715271094171487,0.0555447314223055,0.25735865035798,0.0507218124997566,13.6500000000001,1.15000000000009
"11428-92","extra_heavy",2000,0.8295,1.09994065504067,0.443953447737162,0.245283235009084,1.11581181998924,0.320733937199565,0.262062491012952,1.11742647462052,0.317287636817731,0.264395070417335,0.0504664854860089,0.0986771714017498,0.0568358080803232,0.0731996684101718,0.140062366204835,0.0781626375054018,0.0529569155789842,0.0991925290023943,0.0535725437964145,1.06013640258265,0.92881221650386,0.32785526850182,1.06207887281291,0.930889338537499,0.324889353443521,0.0623867347342966,0.273694274387451,0.0484605790754692,0.0878580691107312,0.386022416414119,0.0692619248827405,0.0616566126883852,0.271327453094979,0.0494685738056374,17.0499999999997,1.28999999999996
"11428-93","extra_heavy",2000,0.803,1.0407528822395,0.506551871740153,0.267503813694159,1.08622404780429,0.732223015532401,0.321093887391304,1.08720238895978,0.732604071075909,0.322762966804757,0.044367568525836,0.205772982039359,0.0568443868339986,0.0601723458858655,0.28496614580221,0.0790469485313159,0.0406954597254146,0.197361319088549,0.0550068968422716,1.00455934239967,1.26581357141679,0.343309991648192,1.00691738643504,1.25768792167077,0.338777784382672,0.0558901634833159,0.306058135044099,0.0518159714445995,0.075313711027697,0.421525732917229,0.0756614589403048,0.0505044183195162,0.2900265071378,0.055182775134298,29.299,1.13900000000012
"11428-94","extra_heavy",2000,0.819,0.979012670756767,0.553178167134377,0.242341234145762,1.00985595044523,0.423198606736208,0.220675389575298,1.00985610226845,0.424489204522087,0.220805074507053,0.0449468913926437,0.0944742237475493,0.0600733151661832,0.0630929084485207,0.131737400799702,0.0869490343450311,0.0442433846713558,0.0917103007671401,0.0628481654126342,0.936374650258049,1.12876008243851,0.325093778991229,0.932445099664286,1.13709331448349,0.328785634021591,0.0574143574536876,0.250917641869151,0.0483232286413436,0.0807751221222961,0.358659890638088,0.0687767453333868,0.0567822765185169,0.256152593970874,0.0489428992564051,14.3810000000003,1.15599999999995
"11428-95","extra_heavy",2000,0.7975,0.985717739572099,0.490881714373363,0.212523458241315,0.978915012489978,0.818908655605715,0.236202791228012,0.978245415853467,0.825139854579256,0.233590951618078,0.0464763996915114,0.176754460372555,0.054794081976143,0.0656267872414718,0.252524192047026,0.077077497409639,0.0463079066535943,0.180349984655799,0.0541811757844289,0.887927039343906,1.39013190515397,0.276497754940481,0.88923048087577,1.38500085370888,0.279490935261502,0.0567068166350034,0.265334809245686,0.0502860922371273,0.0775944646376879,0.366468289094496,0.071060386309317,0.0529779338013508,0.252928688216867,0.050243995463887,27.346,1.1260000000002
"11428-96","extra_heavy",2000,0.817,1.03297480098766,0.496665496770259,0.268190702050137,1.11005077876589,0.378270346849895,0.3416821741512,1.10930176185382,0.377478883867193,0.340976431432895,0.0476049080129968,0.175353262194926,0.0577159688237447,0.0667576289553143,0.243863773751363,0.0806327941846586,0.0467891397930977,0.169253949975083,0.056211688882344,1.04740480535126,0.687661065046629,0.364118815463781,1.0493200273286,0.678717646489455,0.368620885377629,0.0602886636416685,0.254650041340033,0.051364864800782,0.0833580649549912,0.344652970533992,0.0696104140866849,0.0574255918094987,0.231847278242619,0.0469822451014611,27.6189999999997,1.13400000000001
"11428-97","extra_heavy",2000,0.829,1.05435218823965,0.409346056229017,0.233569828936378,1.00956834755115,0.876566268116667,0.168963152851426,1.00825160840346,0.879636186411511,0.16911018310581,0.0473042188102947,0.176211597835743,0.0588302726500894,0.0660295852268745,0.252731162339782,0.0835144885883027,0.0460876194092499,0.181160000579362,0.0592231415295969,0.944638725520141,1.24284815039974,0.256191338982768,0.943875790621894,1.23480219506194,0.259917808656258,0.0588269951702425,0.259342945126498,0.0503835779011857,0.0850523947006341,0.367470883674743,0.0708243863201691,0.0613842494286595,0.260073788295264,0.0497605876477715,23.4299999999998,1.14499999999998
"11428-98","extra_heavy",2000,0.8215,0.972477603255964,0.545997965386285,0.27649221481402,0.906728659541013,0.790365644546724,0.273894202373291,0.904128193444839,0.800013856302519,0.271280555800024,0.0498845152659557,0.127422372547938,0.0562215460905476,0.0687875193094163,0.176742107613612,0.0791729079408182,0.0474311503605551,0.122704489142557,0.0558528826695979,0.834729361521658,1.37323466129759,0.360956567301824,0.83402263218445,1.38227124611034,0.359143233688159,0.0585185652438669,0.219221678627372,0.0500203450701717,0.0774759102021459,0.291414070513726,0.0687335318819573,0.0507257293285796,0.191799987931823,0.04711281066156,20.4009999999998,1.15000000000009
"11428-99","extra_heavy",2000,0.7995,1.04801157036916,0.507783656888062,0.272479494652153,1.03623398193047,0.485580104168181,0.295383426980833,1.04033620488782,0.471336826998485,0.30241547600173,0.0451879005204889,0.0967470514103343,0.0556217694406534,0.0614484270536735,0.130858357405113,0.0775310858108393,0.0416516699622964,0.0881356044958141,0.0540360834738021,0.966305989383538,1.23720704822431,0.384583632740823,0.971322909150352,1.21137137907783,0.384435859304025,0.0553510776969374,0.244688385622205,0.0480394364013707,0.0774172234807689,0.345335443665322,0.0679547363151675,0.0541922666232258,0.243858623575011,0.0481116635760485,11.8150000000001,1.13200000000006
"11428-100","extra_heavy",2000,0.822,0.998305539033067,0.52946842358604,0.255197925822327,0.992788793310882,0.640588190833139,0.253099917754402,0.990639075070224,0.643879197365921,0.252206216254444,0.0495783876465683,0.140048548724827,0.0596505004835021,0.0689648032223559,0.192322648024875,0.0824321983378215,0.0479694456368462,0.131908673881426,0.0569472589646081,0.92393943471059,1.41952569442129,0.349134979872057,0.926921349867125,1.40590821164763,0.349163468904474,0.0621407178796305,0.315814095282997,0.0502892038872216,0.0868613774068697,0.439651284225772,0.0689289204337542,0.0608198946188968,0.306474587159159,0.0472007474360317,17.9839999999999,1.13599999999997
