"sim","censoring","n","perc_censored","alpha_fc","beta_fc","gamma_fc","alpha_aq","beta_aq","gamma_aq","se_alpha_aq","se_beta_aq","se_gamma_aq","alpha_tr","beta_tr","gamma_tr","se_alpha_tr","se_beta_tr","se_gamma_tr"
"11430-1","light",2000,0.17,1.01127649448584,0.459157409727735,0.284497147771083,1.01826717192155,0.427871333621951,0.289379937256641,0.0334459081720488,0.0382845616448874,0.0461721134001168,1.01008840250765,0.455587034648306,0.288480422790958,0.0336937726562891,0.0406776661236768,0.0461813609999444
"11430-2","light",2000,0.158,1.06979214559814,0.505219491254045,0.182699613784396,1.0572052691012,0.542917218141416,0.199195843859295,0.0351047311171698,0.0459906317277028,0.0474368076642901,1.05207466144185,0.561488537670601,0.199207116817188,0.0352432271900792,0.0473823040586195,0.0474146516842867
"11430-3","light",2000,0.163,0.964313984146691,0.570300987056404,0.289667586801858,0.964772939369715,0.554660997050975,0.291201154208028,0.0352896090814511,0.0401338211774898,0.0474558302037586,0.962100434450557,0.56372423492755,0.291946600843382,0.0353610917232281,0.0407868921810099,0.0474416437920718
"11430-4","light",2000,0.1655,1.00713937668352,0.500984471196334,0.210596035125273,1.00150288163823,0.516661984845692,0.210248629419447,0.0339648418093375,0.0422151143853057,0.0476872812898998,0.995966665429106,0.536135075430847,0.209777171111604,0.0342134463470545,0.0443265269117116,0.0477764492092472
"11430-5","light",2000,0.162,1.01521004030104,0.47094692298467,0.241281832298866,1.03018544799389,0.424413401679799,0.235974716269111,0.0342971916656111,0.0407107521884509,0.0471768594870413,1.02621928526237,0.438535126150451,0.235909078728971,0.0344127495636117,0.0419390299188511,0.0471613280508834
"11430-6","light",2000,0.158,0.963702905464012,0.503515948633895,0.279803854554129,0.964339697764535,0.50734300810357,0.268021476621341,0.0335000850563488,0.0378265917290542,0.0462194874030583,0.959124819162123,0.526841303206509,0.269394848063564,0.0337010500753379,0.0397866228976228,0.0462813704495387
"11430-7","light",2000,0.173,1.08368201339794,0.540993103175576,0.141875907295071,1.08880025827195,0.553214440541835,0.134901812794951,0.0351460257060191,0.0431758531863075,0.0487281779344394,1.0874755023273,0.558337203370222,0.135742167216345,0.0351906067287234,0.0436166686923168,0.0487163581038184
"11430-8","light",2000,0.1655,1.01013435743638,0.446801213943328,0.232433057900352,1.02068843184821,0.406075833130837,0.247931611735588,0.0347224387985178,0.0465026428019681,0.0480721672255104,1.01782034240124,0.417389679674963,0.248181089101335,0.0348395019775018,0.0477474192397603,0.048059153754765
"11430-9","light",2000,0.157,1.03004049289794,0.513590877822749,0.259004658604131,1.01961123714304,0.558302022530237,0.257466339550607,0.0346381151537184,0.0444567827586215,0.0465810580068708,1.01427872333652,0.578176234894507,0.258137290954722,0.0348246241805523,0.0462468723069816,0.0465955051761926
"11430-10","light",2000,0.175,1.00707253815104,0.553712456541553,0.219670033727491,1.00762203849108,0.551352583211647,0.208504534363555,0.0342618929092107,0.0415009440060754,0.0466132136472963,1.00167970130471,0.572479238993758,0.209548426452522,0.0344451335862033,0.0432251343472797,0.0466134407721131
"11430-11","light",2000,0.1625,1.07020494477762,0.483298336076226,0.26078947833273,1.08248979859799,0.440362854660681,0.255494660015895,0.0331479596507252,0.0367256731958191,0.0456699798999154,1.07671470910429,0.460752688860852,0.256663185024755,0.0333059370933844,0.0383781438719051,0.0456386081517324
"11430-12","light",2000,0.1675,1.00925815834987,0.450820188024991,0.269975642769476,1.00810305742226,0.449327073151494,0.271572770156766,0.0329538684080609,0.0402402621283775,0.0451599346290907,1.00597044858622,0.456777548005561,0.27243551979252,0.0330411260931529,0.0409976422810044,0.0451516955285899
"11430-13","light",2000,0.1335,1.01891798672956,0.454422873486748,0.286228468395339,1.02052006708376,0.45125133219644,0.278023173953582,0.034131955363836,0.039625817104593,0.0465663666396216,1.01248000188429,0.479975035604195,0.277058724924153,0.0343976530620025,0.0423164961289777,0.0466099411413733
"11430-14","light",2000,0.165,1.00363870028687,0.530278036104348,0.188826512534847,1.01023889936147,0.519879027078102,0.184704536233932,0.0351822306563369,0.0476384623885443,0.0481002597524673,1.00505811243753,0.539102535894223,0.183944891630798,0.0353203652282829,0.0490947307179834,0.0480808324193265
"11430-15","light",2000,0.159,0.957715025922522,0.484076092813927,0.28565112646418,0.958308020670076,0.479980738137551,0.278234830300496,0.0333612738227316,0.0371742960488277,0.0464457513904595,0.94982930508913,0.510333068556407,0.278871954576811,0.0335833377963377,0.039523004085373,0.0464326264327887
"11430-16","light",2000,0.1755,1.03423745295109,0.532755710731413,0.2563642982614,1.03908162521983,0.509580447930838,0.256060696517981,0.0338416965302428,0.0357058495745729,0.0477117856428165,1.02644625157878,0.554448217363704,0.25177458987972,0.034042769300269,0.0383782428956938,0.047699283191938
"11430-17","light",2000,0.168,0.980934194027812,0.515847590442262,0.236923146699096,0.971714810994507,0.542894350188414,0.229970966321943,0.0337348067963923,0.0414311923037595,0.046269914574542,0.969945820016774,0.549628161305387,0.230933985371135,0.0338021305552674,0.0420680252650342,0.0462697908458883
"11430-18","light",2000,0.1675,0.978917634396509,0.4558032879546,0.328051884610484,0.982358631267979,0.429216810554738,0.331921555797426,0.0331602661825093,0.0373431084994908,0.0458168399257142,0.97604039837579,0.450945756611567,0.332553544839704,0.0333557982903323,0.0391947999039732,0.0457976146601144
"11430-19","light",2000,0.1735,1.04461205630392,0.456958873292817,0.185013964815546,1.06067636660658,0.410297995278018,0.19625351891441,0.0337495211212785,0.0456864689689676,0.0461376723154419,1.05667273293627,0.425281856541091,0.19708396135833,0.0339311571904669,0.047431736140317,0.0461206376350244
"11430-20","light",2000,0.188,0.977417634183379,0.530453428984858,0.232370334859735,0.980716144998905,0.508507494125182,0.223811848961886,0.0343963529196371,0.0362200188143266,0.0481151260243965,0.965777575834432,0.558682865311483,0.221079755754628,0.0346488935086513,0.0392051526181396,0.0480528284386166
"11430-21","light",2000,0.1585,1.00430098715549,0.469751838456228,0.24834434352014,1.01387744307997,0.418622130147686,0.258298832022799,0.0337911986234392,0.0366814529541928,0.0459451817594719,1.00298721295023,0.455329844729005,0.259148870352206,0.0341286310672888,0.0399274687661488,0.0459309287857069
"11430-22","light",2000,0.1545,1.02066299417607,0.445410573205609,0.245496714170756,1.01624252920404,0.464122713390466,0.236580862821299,0.033346939136219,0.0420947191570775,0.0459491921558869,1.01489437651,0.469356876565938,0.238108668689124,0.0334513993300097,0.0429959581580395,0.0459702783425478
"11430-23","light",2000,0.179,1.03165926848259,0.508923817217042,0.2272735729104,1.02888154724384,0.521658434373657,0.215587976644268,0.0342920464563031,0.0414143634300823,0.0472243661244918,1.02592148374396,0.532847770950134,0.216999800434095,0.0344030809931267,0.0424825484808059,0.0472221159666164
"11430-24","light",2000,0.1745,1.01025929438035,0.569283107959716,0.19281324426673,1.0257153977981,0.525219596471636,0.197608290864037,0.0346759568282983,0.0383824073181813,0.0475201558301058,1.01164900663973,0.572919122210714,0.197705812851446,0.0351091559393352,0.0422561768591836,0.0475806231125522
"11430-25","light",2000,0.1765,0.991782614016942,0.471464324228827,0.307626193529584,0.990395083191398,0.477350980266026,0.312995401944793,0.0339602768449417,0.0396307309177591,0.0471911020027682,0.987282920396001,0.48862410769876,0.313367966637323,0.0340428760728816,0.0405218550809931,0.0471751092246823
"11430-26","light",2000,0.17,0.990377531384526,0.547374047164233,0.229537611726572,1.00050992460683,0.514832411176671,0.226356900235219,0.0340003559247366,0.0376629720034963,0.0472358965181135,0.988526024475338,0.558114131970165,0.22251954503994,0.0342417454534139,0.0405665456045006,0.0472675936144144
"11430-27","light",2000,0.1685,0.958319337347326,0.472826772860385,0.304536373508638,0.96476250663364,0.453687866724596,0.321383172330098,0.0349187043003402,0.0415131089504512,0.0472103690858113,0.96239308070085,0.462013587301149,0.321999613772545,0.0350073442699336,0.0423160565980408,0.0472010357139284
"11430-28","light",2000,0.1695,0.982849725599812,0.492587092867249,0.252545372850219,0.993462373962264,0.441332996016325,0.254132578450434,0.0343933543329244,0.0366746280586527,0.0471612758166735,0.982653267270154,0.478010607316223,0.254193561980597,0.0347127244710217,0.0397966459951838,0.0471711079522428
"11430-29","light",2000,0.162,0.982089168778298,0.525493376505268,0.328445089852695,0.972644108754424,0.55570214608466,0.328769949300776,0.0347617434722789,0.0466574039074197,0.048034023918356,0.970749976744612,0.563007312654814,0.329589554230741,0.0348376882477572,0.0473651826236087,0.0480283977884819
"11430-30","light",2000,0.182,0.947355629339182,0.495411103643508,0.313817655887896,0.955852023235353,0.452206866645752,0.328467001257586,0.034494543971154,0.0399118994550701,0.0465532295003368,0.953117507107686,0.461793908802999,0.329651216382962,0.0345990373362605,0.0408394592496853,0.0465385942088317
"11430-31","light",2000,0.1745,1.01217246861515,0.517005908329358,0.220209775106192,1.01925066014685,0.505211597071142,0.211589762190932,0.0343971481122654,0.0391071124189031,0.0467369596340068,1.01208216074834,0.529801277116591,0.213310263504159,0.0346430508060362,0.041289852720657,0.0467462775668804
"11430-32","light",2000,0.182,0.988305805039952,0.500298726707902,0.284887055609369,1.00242341161077,0.440407812651591,0.290227107578625,0.0334539027470612,0.033941386892464,0.0468135651266354,0.984316849083367,0.499817305737871,0.287233661597381,0.0338874997473397,0.0383198630281888,0.0468401939661534
"11430-33","light",2000,0.1605,0.988025118126675,0.430480051347575,0.277961669222216,0.990016139375593,0.409016602989898,0.269506095372291,0.0341957309211306,0.0372079247948612,0.0471539360076866,0.98222075574858,0.435894265141455,0.269838264186903,0.0344125436476952,0.0395106447808638,0.0471243195043433
"11430-34","light",2000,0.171,0.955932670547227,0.514102993445656,0.230222918427783,0.946653680079257,0.566291687435334,0.230421352793698,0.0343942478869225,0.0478207806199917,0.0467928934624477,0.938726892000629,0.59541894363416,0.230974221432307,0.034645673261395,0.0501690963897186,0.0467665900532514
"11430-35","light",2000,0.17,0.981320526789505,0.480744103877516,0.272049819929573,0.986514309343251,0.463972660260503,0.283379594162894,0.0344331616900571,0.0402279940427797,0.047444847029523,0.981540905406917,0.48161037569224,0.282530428093258,0.0345320234238281,0.0414140263359199,0.0474124957693247
"11430-36","light",2000,0.1775,0.970039974214332,0.470849456715845,0.262698977754323,0.987518973132735,0.421675042585862,0.25713201925422,0.0339916454588894,0.0386521233554454,0.0474213532650714,0.979692798623162,0.449851093170613,0.255407022837211,0.0341772544693201,0.0408421406621492,0.0474047486264331
"11430-37","light",2000,0.1865,1.01841422461025,0.469855866379688,0.243402220049013,1.03037462994891,0.425137364128111,0.253980562022975,0.0330438874482234,0.0391135284674276,0.0462456552317029,1.02237895860951,0.453661327218789,0.251261008288113,0.0332492803120787,0.0413631931783257,0.0462613565662914
"11430-38","light",2000,0.16,0.95062937325167,0.473183627425464,0.321165301300845,0.950629720239701,0.473425658593608,0.328175761673442,0.0337657973741715,0.0423179181387068,0.0469522494162366,0.948282207193147,0.481995847598142,0.328668497158918,0.0338446140868616,0.0430675134165127,0.0469390873745924
"11430-39","light",2000,0.1775,0.984366989254008,0.463952055141609,0.28180152971442,1.00721373507467,0.379415070761686,0.288410918924506,0.0342857918696971,0.0330912586091172,0.0467978443288485,0.984561402866426,0.45103667201768,0.282270354656431,0.0347370056904886,0.0380201718042689,0.0467366554592396
"11430-40","light",2000,0.16,1.02801123246901,0.432463059983853,0.223803354023372,1.02939346082573,0.43175172230037,0.221352601980043,0.03353805105653,0.039988998723868,0.0461108006306144,1.0218296722602,0.458529245605596,0.222264491606092,0.0338525841304406,0.0429059400943612,0.0461433195457638
"11430-41","light",2000,0.1775,1.01764087850436,0.494844739095776,0.278704459703087,1.01685611078009,0.482330842782605,0.271746608052623,0.0350522579928391,0.0379786121594651,0.0474715965770224,1.01057404094418,0.503357706018512,0.273069027601478,0.0352269870984003,0.039644606093999,0.0474462331902595
"11430-42","light",2000,0.163,1.00472233631144,0.447409717109928,0.286179561742044,1.00664678715684,0.438329767106429,0.28531499650649,0.0335753923520154,0.0440205339469089,0.0460446669514346,1.00312791168552,0.451311620195098,0.285257840711057,0.0336935444416555,0.0452177951479956,0.0460337398895521
"11430-43","light",2000,0.1685,0.992913918445369,0.534893510146771,0.243286272637292,1.01103723042659,0.483274957468161,0.264798005703539,0.034303263276166,0.0391264316552225,0.047646110989827,0.993122730663729,0.546259207118197,0.258964564346081,0.0346510407433842,0.0432110373231496,0.0476156669485702
"11430-44","light",2000,0.171,1.00046685100228,0.417936155001154,0.283888368714087,0.990320176826128,0.45636956948257,0.280688279711813,0.0340167210994847,0.0441685373950357,0.0467994698505176,0.987864256063212,0.465652948873672,0.281541065996583,0.0341149314627322,0.0451184885878276,0.0467835347458562
"11430-45","light",2000,0.1665,1.0362925327725,0.494840042852217,0.211143588045526,1.04919717080843,0.44209330997249,0.221897499108118,0.0341991530916011,0.0402687929313447,0.0461932907472962,1.04506162875083,0.456612183396566,0.221722209390397,0.0343082681827535,0.0414047422904321,0.0461742248146019
"11430-46","light",2000,0.179,0.960158348494963,0.506220926226937,0.280040840734278,0.962411827656072,0.488822568242023,0.296248804871382,0.0335250222106887,0.0400528082870034,0.0464974923070893,0.952488633176397,0.523058776434374,0.296354877851427,0.0337936909800516,0.0426709394056905,0.0464677968962437
"11430-47","light",2000,0.17,1.00695932106467,0.495884789752522,0.281862258505943,1.0011299874855,0.496743335290506,0.278935519581735,0.0344633223847054,0.0414303722812222,0.0471396549750065,0.998834596136548,0.50515915877743,0.279565750851346,0.0345395137571403,0.0421798803828476,0.0471326139051128
"11430-48","light",2000,0.1775,1.01283613759522,0.474660706707423,0.273924865335818,1.03485379921094,0.409498525584134,0.264987168098439,0.0334093460059877,0.0371945033294991,0.0466151708594485,1.02723567201967,0.435750572656739,0.266809928494188,0.0336970690429656,0.03982858589806,0.0466074447063196
"11430-49","light",2000,0.1725,0.941641625688707,0.486568808514704,0.320894410592466,0.9292789593701,0.530455701051536,0.304390025849779,0.0349997925938171,0.0415440045944665,0.047565624797279,0.925895703409276,0.542477655310642,0.305289460528013,0.0351215039664022,0.0426522355109974,0.0475731932029603
"11430-50","light",2000,0.1585,1.01359286607972,0.490896206391423,0.215468528925218,1.00769667260808,0.516068063085701,0.219379213577752,0.0344428124575955,0.0447768175224194,0.0469376647901171,1.00477812334681,0.527233365125878,0.219528309549201,0.0345542563761762,0.045895652528696,0.0469551657210068
"11430-51","light",2000,0.163,0.999406830767523,0.469767894736166,0.288128632923353,1.00077732222658,0.439320960278545,0.28414885024336,0.0336078814006941,0.0350141646897318,0.046246660612294,0.994266005289826,0.461525266686966,0.285036352319372,0.0337872770221092,0.0368150368957554,0.0462352722536371
"11430-52","light",2000,0.1725,0.956994013295678,0.588508532393393,0.235629489966777,0.972968079508352,0.538470127641217,0.22627844086453,0.033706647391561,0.037622773561819,0.0464641988468371,0.959589109702184,0.5851257979355,0.221986442650157,0.0339881057504887,0.0406604145833624,0.0465041087125975
"11430-53","light",2000,0.1765,1.03558749303525,0.484709743249713,0.212957953575625,1.02667351535499,0.521381627219301,0.19524791712558,0.0340222386052155,0.03926759661496,0.0469898880119961,1.01743173867391,0.55374742531927,0.196696788144591,0.0342864257862894,0.0417866504972499,0.0469740886337672
"11430-54","light",2000,0.156,1.02134388805126,0.445496008830121,0.260343497708763,1.02887489128858,0.415537925228237,0.267569250692963,0.0352662432687852,0.0427758136832392,0.0482954851420627,1.02343984339621,0.434551453988939,0.268852281663236,0.0354959188629266,0.0448870477809464,0.0482797963120401
"11430-55","light",2000,0.1735,0.994337760734455,0.505870292597097,0.230283805718782,1.02943963043621,0.366069264134681,0.245416614580895,0.0334656182958698,0.0310873079783481,0.0480961217390207,1.00545910738522,0.451346094186597,0.239484560061689,0.0339538530148102,0.0374573857864175,0.0480812151139424
"11430-56","light",2000,0.1575,1.02843418723951,0.467516817296892,0.264042622404415,1.03440362277342,0.44390362812722,0.270746795928702,0.0349947932949742,0.0418682410197788,0.046186648988377,1.02686285440347,0.470888701012888,0.272633541020792,0.0352955009553137,0.0446752461862314,0.0461747022927995
"11430-57","light",2000,0.1845,0.985736642652656,0.558238830077788,0.281846107914159,0.991717636312682,0.541800462972517,0.288705017797267,0.0352331220622618,0.0391794852232021,0.0479711735609439,0.979758000764595,0.581352261772579,0.286926593723392,0.0355470111270728,0.0420533444676189,0.0480078775047134
"11430-58","light",2000,0.17,0.967518111607392,0.532025796218303,0.206041262817818,0.971747674351099,0.513319628715161,0.206584172331272,0.033369340894878,0.0415119082341521,0.0462732360859767,0.969684835713771,0.520804084218308,0.207792163257475,0.0334658643056118,0.0423156717210701,0.0462768305323692
"11430-59","light",2000,0.157,0.997790082793933,0.513402668595834,0.253590974922245,1.00329437805323,0.487678681279698,0.248781331454153,0.0350564145911932,0.0416692901698181,0.0487792819095657,0.999909850106716,0.50049377806168,0.24916018910386,0.0352723666903962,0.0436302888312776,0.0489036929792311
"11430-60","light",2000,0.1775,1.01572194676574,0.476371093506614,0.221301937979935,1.01974253850189,0.450388363071054,0.209930309074419,0.0336221120607134,0.0341406949724487,0.0468501286599691,1.01135223889952,0.479905541278789,0.209977565683633,0.0338032200602031,0.0362772817508597,0.0468299882087547
"11430-61","light",2000,0.1725,1.04861215498888,0.50072985889938,0.191299181896921,1.05627400427642,0.485857665933854,0.182087504925699,0.0332283087737116,0.0363658346228072,0.046409184267025,1.03726303945963,0.553666181396112,0.17479339694223,0.0335395291218597,0.0404273192615411,0.0463811198182229
"11430-62","light",2000,0.167,1.00405734773691,0.469936489967363,0.282804714205232,1.00100825161954,0.488625417529729,0.278107703077066,0.0334621896433577,0.0429480553038516,0.0456821233730628,0.994911300539927,0.511157554838409,0.277210145936728,0.0336841971486654,0.0451059138371509,0.0457249567246795
"11430-63","light",2000,0.1715,1.01946533060668,0.484695325322413,0.268397164836445,1.0220532616651,0.471353858055014,0.255178839648749,0.0328721996172891,0.0376952414593567,0.0462634574267198,1.01877525436447,0.482912147388242,0.255722415452903,0.0329579931118792,0.0385816867517078,0.0462445732255211
"11430-64","light",2000,0.162,0.992771417692795,0.478423459054918,0.258086070988417,1.02402481088839,0.364596449493806,0.264250126717871,0.0342354950737298,0.0295084629274156,0.0481610334720736,0.997818107502338,0.45422238319647,0.254943975206308,0.0346950766513988,0.0357914320862256,0.0481777244367004
"11430-65","light",2000,0.18,0.979553588318635,0.466492252118481,0.276780297945474,0.956739471142943,0.530094077586828,0.272488420700875,0.0348969267219867,0.042345760632974,0.0471330814018586,0.951193381164472,0.548336692227764,0.272955498608682,0.0350451384657099,0.0436564148667558,0.0471025308291124
"11430-66","light",2000,0.188,1.00776496758248,0.557138877314965,0.233451068890133,1.01678202690782,0.53760940612345,0.231749858227739,0.0346549026027514,0.0404418857096687,0.0474259037793455,1.0097229192028,0.562934893257942,0.231392060692401,0.0348235608037084,0.042249826332599,0.0474161115904092
"11430-67","light",2000,0.1735,0.965753714356526,0.454708822842898,0.304946363651048,0.968781176253773,0.4656449633837,0.287871087267153,0.0348123989643585,0.0408097703354408,0.0477489048280291,0.960356517337613,0.495678382528279,0.286692841160528,0.0350582273087988,0.0433601422065074,0.0477653925186374
"11430-68","light",2000,0.167,0.971068567322407,0.491283047714768,0.213686973303417,0.972155919395314,0.483617519913423,0.213748211746497,0.0331282850955306,0.0375872485183655,0.0458108339649009,0.962438447393297,0.51715838308259,0.212131351639117,0.0333745132085388,0.0400951886973645,0.0458292243306715
"11430-69","light",2000,0.1685,1.04231521821013,0.471151452763744,0.260293207217999,1.03511030634085,0.483426352643202,0.249554689341138,0.0356989137065194,0.0405612846716667,0.0475191210011936,1.02723867117462,0.509759172882859,0.250674892630291,0.03597225873123,0.0428955616234023,0.047514217745351
"11430-70","light",2000,0.1685,0.959783616761232,0.497415234310115,0.265472910102838,0.965159229370758,0.487149387404761,0.272362944537011,0.0341665187304834,0.0416199271670351,0.0465115651825432,0.95907653139294,0.508046651244758,0.272990769114879,0.0343935086537759,0.0435897135885187,0.0465226505129148
"11430-71","light",2000,0.1525,0.981462355690794,0.520210203306808,0.215097536016006,0.971434732070804,0.562906349731283,0.216634767412525,0.0338558923515631,0.0432524183726737,0.045820670051497,0.965138470874239,0.585217505788016,0.216755665886092,0.0340334518510411,0.0449371158981881,0.0458137659941513
"11430-72","light",2000,0.159,0.952632682925287,0.5511973954945,0.325801368858169,0.953595460255985,0.554180157207014,0.328265272741434,0.0341001002849769,0.0413437755612694,0.0472293508586539,0.950718619543523,0.564937879671925,0.329144758027146,0.0341900851901115,0.0422395900553853,0.0472272521351527
"11430-73","light",2000,0.1875,0.97725228055487,0.504299130473799,0.314346760438505,0.973167885177835,0.512621319507515,0.302155581545307,0.0338082404558541,0.0375911192541797,0.0471198173752943,0.969622896568819,0.525429912572985,0.302425719681464,0.0338885267410962,0.0384934469415467,0.0471062492951938
"11430-74","light",2000,0.1705,0.951889403005097,0.516964828313294,0.256793879406378,0.957509711489447,0.495134462783883,0.262026614847545,0.034366845539431,0.0436855099518962,0.046822050563195,0.952988335587184,0.51162770784285,0.261741476815477,0.0344738828047753,0.0448643433426286,0.0467919017881538
"11430-75","light",2000,0.1695,0.962710680615586,0.518118812270382,0.223696523501088,0.957132669606818,0.524689533243539,0.237829475070951,0.0350117852791953,0.0442228860055187,0.047420299081465,0.946220539938047,0.562020344654926,0.235859139460536,0.0352625444049519,0.0467038822031611,0.0473770213989975
"11430-76","light",2000,0.166,1.03562547795435,0.509315954155673,0.194317263735629,1.01771811881143,0.583825740248351,0.175844463243274,0.0337190932751705,0.0421023316161001,0.0472711821701423,1.00996501784631,0.612877490853114,0.176205495630649,0.0339842604813006,0.0446538921327829,0.0473451801122015
"11430-77","light",2000,0.166,1.04656006468622,0.459450766738965,0.157803283417784,1.04407102916867,0.460438432985589,0.164332346635095,0.0341559458785553,0.0427134623148333,0.047154551012764,1.04136248547599,0.470755759056731,0.164777607976978,0.0342566338547917,0.0437695593037347,0.047156910602569
"11430-78","light",2000,0.163,1.00640431226224,0.478270617803125,0.219988609718519,1.01816609630807,0.430317342383474,0.229617103979294,0.0331015410120425,0.0397358805329427,0.0448157775078441,1.01271994376899,0.449536472496014,0.229880877791759,0.0332486894658307,0.0412637488517154,0.0447818199758018
"11430-79","light",2000,0.176,1.01403485415767,0.47815618757069,0.234957279194532,1.03808901505339,0.384216748164474,0.23660185738286,0.0324023375913462,0.0314758931585538,0.0453058421570877,1.02276982089152,0.439878751411882,0.232848921132485,0.0326775577682253,0.0353614571796189,0.0452692925452215
"11430-80","light",2000,0.1775,0.991870642003663,0.53487776023345,0.136681322274328,1.01741726520854,0.464927727180375,0.129853499492558,0.0340240496829165,0.0362996530248337,0.0483759910338651,0.993426832441131,0.545955810630812,0.127586092819073,0.0345507154068586,0.041840609905233,0.0482899520103059
"11430-81","light",2000,0.178,0.988666314971921,0.501748296744724,0.300437886316435,0.985647719339188,0.526451762916351,0.294402575154661,0.034430946654314,0.0427246041647845,0.0474020619983784,0.976999740452646,0.556006968695224,0.293606175866182,0.0346633901505637,0.0449025539212275,0.0473869652906424
"11430-82","light",2000,0.177,0.980690922775855,0.569261529978945,0.246875635962897,0.976296833268687,0.568922302889418,0.243188844493978,0.0346309918747104,0.0390813879148291,0.0471672865234829,0.970522499391581,0.588475110934954,0.244279464728039,0.0347971897896633,0.0405246107523054,0.0471661118291109
"11430-83","light",2000,0.1605,1.02986220485673,0.478114288223976,0.2217686093757,1.0371072170686,0.440074977592551,0.242438565936797,0.0339341667513081,0.0415460115922149,0.046791425989259,1.03073710023183,0.463003936434397,0.242190188043145,0.0341272269598554,0.0435500955151212,0.0467770081404702
"11430-84","light",2000,0.176,0.976712706113932,0.466235247247092,0.346000564150473,0.962221130708174,0.527654875778102,0.336003635522646,0.0341792910382647,0.0464066971390616,0.047177850562609,0.960088188539133,0.536062108436789,0.337128362485271,0.0343107520110939,0.0475748741221768,0.0472088449557664
"11430-85","light",2000,0.1665,1.01760723036319,0.461785719801275,0.25132626355084,1.02086571993619,0.460196066929749,0.264478334091773,0.0347321788165475,0.0459792329969114,0.0468798864723585,1.01666927161639,0.474924154679876,0.264227892441579,0.0348831066204465,0.0473428414487706,0.0468746690820233
"11430-86","light",2000,0.1785,0.999566276983545,0.500294996582329,0.288486768923652,1.00706864543062,0.463634728439503,0.30129220297788,0.0354084287322544,0.0413539342040932,0.047942491837917,1.00521483463894,0.470325004631602,0.301815676068883,0.0354608752859219,0.0418983870265272,0.0479230444620576
"11430-87","light",2000,0.1725,1.00491940783117,0.478543573126932,0.249281254975067,1.01149736140389,0.435496332530527,0.258027419956351,0.0334240941050997,0.03433307191573,0.046135784405887,0.996405594380935,0.485690724554957,0.257082814756861,0.03376909295087,0.0379327493235141,0.0460977780317671
"11430-88","light",2000,0.158,1.03966766124216,0.505838944192692,0.203876292455124,1.04898189228937,0.476865471174622,0.193226563929374,0.0336264328135105,0.0370902653525719,0.0462259530648292,1.03835757281525,0.512596427693924,0.191117042195745,0.0338389196668054,0.0394160827207906,0.0461946199993867
"11430-89","light",2000,0.152,1.03693523520769,0.493333533574414,0.204015194022402,1.03787169223342,0.484036976877513,0.203831278369179,0.034041830062612,0.0421541388230539,0.0460238474337762,1.02696363372912,0.521750435470479,0.203378299843923,0.0343409972305183,0.0450361673898274,0.0459886798019865
"11430-90","light",2000,0.176,1.00316580564153,0.519336700193851,0.197909574482319,1.01160631486985,0.490762791696492,0.186708683731044,0.0341122293068408,0.0373158384223534,0.0472539993704358,1.00517471661622,0.513277490708803,0.187881922020145,0.0342968611279401,0.0391639307483855,0.0472539469067353
"11430-91","light",2000,0.1715,0.978160827431489,0.507786440516096,0.287636347865688,0.96858935186653,0.521198309895012,0.294577498947796,0.034753918845992,0.0452322567730988,0.0475798152002974,0.95978217784732,0.552184315663507,0.294431715826612,0.0350422064274878,0.0478376705515914,0.0475724678164741
"11430-92","light",2000,0.173,1.04700597680467,0.514356607178591,0.234366245386649,1.04714323046553,0.509210841078882,0.232874999202047,0.0349123042490171,0.0451876619216982,0.0471117567896062,1.04248178611594,0.52609120174334,0.233090183498239,0.0350598444827962,0.0466002310640283,0.0470963605580042
"11430-93","light",2000,0.155,0.93917348132918,0.540171904106782,0.287440844487562,0.940434241729667,0.52294357333814,0.292259153027654,0.0340767100349536,0.0389074349849498,0.0460240770915038,0.928163916619186,0.564359790831938,0.293524035863968,0.0344960286889009,0.0424782366492827,0.0460724568437349
"11430-94","light",2000,0.179,1.02440219907853,0.567932405202314,0.161755900078898,1.02081682938537,0.557181212422824,0.152123611164252,0.0353666065264649,0.039366555902573,0.047792819245929,1.01534554052486,0.576045781895527,0.153828173052811,0.0355115518153141,0.040732209322626,0.0477682018871241
"11430-95","light",2000,0.176,1.08066762474172,0.493913032379306,0.138631852763283,1.07476952626787,0.520445812508093,0.132206847773644,0.0350979077063406,0.0447686684115191,0.046747483839666,1.07322036108313,0.526393808280865,0.133358974777355,0.0351641124910049,0.0453581079992199,0.0467332193495951
"11430-96","light",2000,0.1765,1.00966808961959,0.455779514462014,0.278965006565087,1.01204770207669,0.444481030459659,0.273381534345466,0.033277268121504,0.0380065570648172,0.0466727864602661,1.00381297777324,0.472732912184688,0.269335172007288,0.0334416943264848,0.0398945869503188,0.0466844042487721
"11430-97","light",2000,0.1645,1.00616579719202,0.490805850001484,0.269252150411451,1.00398581145175,0.478491037663106,0.278864663135282,0.0335207455202323,0.0375827364031796,0.0456402170388507,0.99118175989803,0.521176029430295,0.278398974312598,0.0338905318882365,0.0409710404461402,0.0456532878486119
"11430-98","light",2000,0.1515,0.958971108912492,0.511352521697508,0.274269862021627,0.978028636658151,0.450038614618488,0.273800009934143,0.033277357521138,0.038606820347647,0.0458194445977525,0.966810758963057,0.489904751237258,0.273003864786706,0.0335667278955699,0.0416303229323629,0.0457854006033487
"11430-99","light",2000,0.1725,1.01409580345548,0.50105024567871,0.218486489706684,1.03145202852719,0.441119387506544,0.220708122074349,0.0351212051987723,0.0398579818218519,0.047615361524636,1.0242591705378,0.466886165077842,0.221070145313897,0.0353876544203959,0.0424947622962434,0.0476504900918557
"11430-100","light",2000,0.1575,1.00989197512585,0.52684492860024,0.240262142776246,1.01865574841284,0.498193954498892,0.247347518482206,0.0342959210678616,0.043424323012188,0.0476128336949866,1.0174758928996,0.502746475683289,0.248296398944775,0.0343444416176488,0.0439005217980468,0.0476007408083451
